date,dv,temp,sm_ewt,lp_lake,lake
2017-11-10,0.0537,6.5727,0.2652,-0.0500,1369.8752
2017-11-11,0.0570,6.3936,0.2651,-0.0508,1369.8797
2017-11-12,0.0620,6.1158,0.2651,-0.0517,1369.8842
2017-11-13,0.0603,5.9601,0.2650,-0.0525,1369.8882
2017-11-14,0.0602,5.7780,0.2650,-0.0534,1369.8920
2017-11-15,0.0618,5.6924,0.2650,-0.0542,1369.8957
2017-11-16,0.0634,5.6020,0.2650,-0.0551,1369.8989
2017-11-17,0.0635,5.4781,0.2650,-0.0559,1369.9019
2017-11-18,0.0585,5.2094,0.2651,-0.0568,1369.9045
2017-11-19,0.0538,4.9691,0.2651,-0.0577,1369.9068
2017-11-20,0.0504,4.7525,0.2652,-0.0586,1369.9087
2017-11-21,0.0486,4.6519,0.2653,-0.0594,1369.9104
2017-11-22,0.0519,4.4214,0.2653,-0.0603,1369.9118
2017-11-23,0.0470,4.1170,0.2654,-0.0612,1369.9130
2017-11-24,0.0502,3.9738,0.2655,-0.0621,1369.9140
2017-11-25,0.0535,3.8053,0.2656,-0.0630,1369.9147
2017-11-26,0.0554,3.6904,0.2658,-0.0639,1369.9153
2017-11-27,0.0504,3.5995,0.2659,-0.0648,1369.9157
2017-11-28,0.0519,3.5220,0.2660,-0.0657,1369.9159
2017-11-29,0.0436,3.4327,0.2662,-0.0667,1369.9161
2017-11-30,0.0369,3.3872,0.2663,-0.0676,1369.9161
2017-12-01,0.0303,3.3237,0.2665,-0.0685,1369.9161
2017-12-02,0.0220,3.1807,0.2666,-0.0694,1369.9160
2017-12-03,0.0222,2.9887,0.2668,-0.0704,1369.9158
2017-12-04,0.0255,2.7701,0.2670,-0.0713,1369.9156
2017-12-05,0.0256,2.5670,0.2671,-0.0723,1369.9155
2017-12-06,0.0239,2.4083,0.2673,-0.0732,1369.9153
2017-12-07,0.0173,2.3253,0.2675,-0.0742,1369.9152
2017-12-08,0.0189,2.3076,0.2677,-0.0751,1369.9151
2017-12-09,0.0156,2.3377,0.2679,-0.0761,1369.9151
2017-12-10,0.0107,2.3857,0.2681,-0.0770,1369.9153
2017-12-11,-0.0093,2.3183,0.2682,-0.0780,1369.9155
2017-12-12,-0.0143,2.2338,0.2684,-0.0790,1369.9159
2017-12-13,-0.0125,2.1693,0.2686,-0.0800,1369.9164
2017-12-14,-0.0124,2.1465,0.2688,-0.0809,1369.9171
2017-12-15,-0.0124,2.0455,0.2690,-0.0819,1369.9180
2017-12-16,-0.0189,1.9618,0.2692,-0.0829,1369.9191
2017-12-17,-0.0188,1.8826,0.2695,-0.0839,1369.9205
2017-12-18,-0.0184,1.7315,0.2698,-0.0849,1369.9221
2017-12-19,-0.0233,1.7069,0.2701,-0.0859,1369.9239
2017-12-20,-0.0331,1.8373,0.2704,-0.0869,1369.9260
2017-12-21,-0.0333,1.9228,0.2707,-0.0879,1369.9283
2017-12-22,-0.0315,1.7082,0.2710,-0.0889,1369.9308
2017-12-23,-0.0299,1.4321,0.2714,-0.0899,1369.9335
2017-12-24,-0.0332,1.1227,0.2718,-0.0910,1369.9364
2017-12-25,-0.0231,0.8249,0.2722,-0.0920,1369.9394
2017-12-26,-0.0233,0.5858,0.2726,-0.0930,1369.9426
2017-12-27,-0.0282,0.4182,0.2730,-0.0940,1369.9460
2017-12-28,-0.0266,0.1504,0.2735,-0.0951,1369.9494
2017-12-29,-0.0265,-0.0001,0.2739,-0.0961,1369.9532
2017-12-30,-0.0281,-0.0210,0.2744,-0.0971,1369.9568
2017-12-31,-0.0366,-0.0100,0.2748,-0.0982,1369.9608
2018-01-01,-0.0449,0.0791,0.2753,-0.0992,1369.9647
2018-01-02,-0.0435,0.1539,0.2757,-0.1003,1369.9686
2018-01-03,-0.0418,0.1284,0.2762,-0.1013,1369.9729
2018-01-04,-0.0433,0.1677,0.2767,-0.1024,1369.9770
2018-01-05,-0.0465,0.3388,0.2771,-0.1035,1369.9813
2018-01-06,-0.0465,0.5155,0.2776,-0.1045,1369.9855
2018-01-07,-0.0700,0.7086,0.2780,-0.1056,1369.9900
2018-01-08,-0.0717,0.8049,0.2785,-0.1067,1369.9942
2018-01-09,-0.0767,0.8947,0.2789,-0.1077,1369.9985
2018-01-10,-0.0767,1.0376,0.2793,-0.1088,1370.0030
2018-01-11,-0.0800,1.2352,0.2798,-0.1099,1370.0073
2018-01-12,-0.0987,1.2753,0.2801,-0.1110,1370.0117
2018-01-13,-0.0987,1.2953,0.2805,-0.1121,1370.0159
2018-01-14,-0.0987,1.3791,0.2809,-0.1131,1370.0203
2018-01-15,-0.1022,1.4619,0.2813,-0.1142,1370.0244
2018-01-16,-0.1055,1.5385,0.2816,-0.1153,1370.0285
2018-01-17,-0.1072,1.4895,0.2820,-0.1164,1370.0327
2018-01-18,-0.1091,1.5494,0.2823,-0.1175,1370.0366
2018-01-19,-0.1157,1.6459,0.2827,-0.1186,1370.0407
2018-01-20,-0.1157,1.7041,0.2830,-0.1197,1370.0445
2018-01-21,-0.1156,1.5270,0.2834,-0.1209,1370.0484
2018-01-22,-0.1190,1.5033,0.2837,-0.1220,1370.0520
2018-01-23,-0.1191,1.4813,0.2841,-0.1231,1370.0556
2018-01-24,-0.1189,1.3511,0.2844,-0.1242,1370.0593
2018-01-25,-0.1322,1.2318,0.2848,-0.1253,1370.0628
2018-01-26,-0.1323,1.0346,0.2851,-0.1264,1370.0664
2018-01-27,-0.1323,0.8871,0.2854,-0.1276,1370.0698
2018-01-28,-0.1374,0.8069,0.2858,-0.1287,1370.0732
2018-01-29,-0.1341,0.7385,0.2861,-0.1298,1370.0765
2018-01-30,-0.1374,0.6081,0.2864,-0.1310,1370.0798
2018-01-31,-0.1406,0.5494,0.2868,-0.1321,1370.0831
2018-02-01,-0.1354,0.6514,0.2871,-0.1332,1370.0862
2018-02-02,-0.1322,0.7072,0.2874,-0.1344,1370.0895
2018-02-03,-0.1387,0.6681,0.2877,-0.1355,1370.0926
2018-02-04,-0.1383,0.6443,0.2880,-0.1367,1370.0957
2018-02-05,-0.1347,0.5955,0.2884,-0.1378,1370.0987
2018-02-06,-0.1331,0.5197,0.2887,-0.1389,1370.1017
2018-02-07,-0.1311,0.5459,0.2890,-0.1401,1370.1048
2018-02-08,-0.1428,0.6589,0.2893,-0.1412,1370.1077
2018-02-09,-0.1396,0.7183,0.2896,-0.1424,1370.1108
2018-02-10,-0.1378,0.7511,0.2899,-0.1436,1370.1136
2018-02-11,-0.1509,0.8296,0.2902,-0.1447,1370.1166
2018-02-12,-0.1538,0.9762,0.2905,-0.1459,1370.1195
2018-02-13,-0.1503,1.0702,0.2908,-0.1470,1370.1223
2018-02-14,-0.1530,1.0539,0.2911,-0.1482,1370.1253
2018-02-15,-0.1560,1.0630,0.2914,-0.1494,1370.1281
2018-02-16,-0.1553,1.0625,0.2917,-0.1505,1370.1310
2018-02-17,-0.1612,1.0297,0.2920,-0.1517,1370.1338
2018-02-18,-0.1641,1.0129,0.2923,-0.1529,1370.1367
2018-02-19,-0.1629,0.9969,0.2927,-0.1540,1370.1395
2018-02-20,-0.1633,1.0697,0.2930,-0.1552,1370.1423
2018-02-21,-0.1666,1.3219,0.2933,-0.1564,1370.1452
2018-02-22,-0.1714,1.6070,0.2937,-0.1576,1370.1480
2018-02-23,-0.1765,1.8971,0.2940,-0.1587,1370.1508
2018-02-24,-0.1865,2.0670,0.2943,-0.1599,1370.1536
2018-02-25,-0.1894,2.0939,0.2946,-0.1611,1370.1564
2018-02-26,-0.1881,2.1390,0.2950,-0.1623,1370.1591
2018-02-27,-0.1935,2.2974,0.2953,-0.1634,1370.1618
2018-02-28,-0.1936,2.4126,0.2956,-0.1646,1370.1646
2018-03-01,-0.1936,2.5426,0.2959,-0.1658,1370.1673
2018-03-02,-0.1871,2.7058,0.2962,-0.1670,1370.1701
2018-03-03,-0.1819,2.7859,0.2965,-0.1682,1370.1727
2018-03-04,-0.1838,2.7710,0.2968,-0.1693,1370.1754
2018-03-05,-0.1837,2.7336,0.2971,-0.1705,1370.1780
2018-03-06,-0.1853,2.7813,0.2973,-0.1717,1370.1806
2018-03-07,-0.1826,2.8712,0.2976,-0.1729,1370.1832
2018-03-08,-0.1827,3.0096,0.2978,-0.1741,1370.1858
2018-03-09,-0.1759,3.1201,0.2980,-0.1753,1370.1884
2018-03-10,-0.1776,3.2493,0.2982,-0.1765,1370.1908
2018-03-11,-0.1742,3.3271,0.2984,-0.1777,1370.1934
2018-03-12,-0.1664,3.4246,0.2986,-0.1788,1370.1958
2018-03-13,-0.1682,3.5785,0.2987,-0.1800,1370.1982
2018-03-14,-0.1510,3.6849,0.2988,-0.1812,1370.2007
2018-03-15,-0.1560,3.7450,0.2989,-0.1824,1370.2031
2018-03-16,-0.1560,3.7893,0.2990,-0.1836,1370.2055
2018-03-17,-0.1574,3.9405,0.2990,-0.1848,1370.2078
2018-03-18,-0.1574,4.0377,0.2991,-0.1860,1370.2101
2018-03-19,-0.1575,4.1106,0.2992,-0.1872,1370.2123
2018-03-20,-0.1548,4.2323,0.2992,-0.1883,1370.2145
2018-03-21,-0.1500,4.3106,0.2993,-0.1895,1370.2168
2018-03-22,-0.1466,4.3307,0.2993,-0.1907,1370.2189
2018-03-23,-0.1450,4.6364,0.2994,-0.1919,1370.2211
2018-03-24,-0.1398,5.0354,0.2994,-0.1931,1370.2232
2018-03-25,-0.1398,5.4173,0.2995,-0.1943,1370.2254
2018-03-26,-0.1449,5.7034,0.2995,-0.1955,1370.2275
2018-03-27,-0.1392,6.0728,0.2996,-0.1966,1370.2296
2018-03-28,-0.1399,6.4591,0.2996,-0.1978,1370.2318
2018-03-29,-0.1325,6.8278,0.2996,-0.1990,1370.2338
2018-03-30,-0.1230,7.1127,0.2997,-0.2002,1370.2360
2018-03-31,-0.1264,7.3175,0.2997,-0.2014,1370.2381
2018-04-01,-0.1196,7.4443,0.2997,-0.2025,1370.2403
2018-04-02,-0.1096,7.5191,0.2998,-0.2037,1370.2424
2018-04-03,-0.1093,7.5219,0.2998,-0.2049,1370.2445
2018-04-04,-0.1096,7.6224,0.2998,-0.2061,1370.2467
2018-04-05,-0.1020,7.8854,0.2999,-0.2072,1370.2489
2018-04-06,-0.1064,8.1925,0.2999,-0.2084,1370.2512
2018-04-07,-0.1014,8.5157,0.2999,-0.2096,1370.2534
2018-04-08,-0.0995,8.8283,0.2999,-0.2108,1370.2557
2018-04-09,-0.0961,9.0326,0.2999,-0.2119,1370.2580
2018-04-10,-0.0882,9.2485,0.3000,-0.2131,1370.2603
2018-04-11,-0.0928,9.4563,0.3000,-0.2143,1370.2628
2018-04-12,-0.0878,9.5523,0.3000,-0.2154,1370.2652
2018-04-13,-0.0804,9.5692,0.3000,-0.2166,1370.2677
2018-04-14,-0.0772,9.5838,0.3000,-0.2177,1370.2702
2018-04-15,-0.0772,9.6108,0.3000,-0.2189,1370.2729
2018-04-16,-0.0772,9.8169,0.3000,-0.2201,1370.2755
2018-04-17,-0.0673,10.0164,0.3000,-0.2212,1370.2781
2018-04-18,-0.0655,10.2188,0.2999,-0.2224,1370.2810
2018-04-19,-0.0670,10.4456,0.2998,-0.2235,1370.2838
2018-04-20,-0.0640,10.6675,0.2997,-0.2247,1370.2867
2018-04-21,-0.0605,10.8310,0.2996,-0.2258,1370.2895
2018-04-22,-0.0588,10.9084,0.2995,-0.2269,1370.2925
2018-04-23,-0.0558,10.9567,0.2993,-0.2281,1370.2952
2018-04-24,-0.0492,11.0619,0.2991,-0.2292,1370.2979
2018-04-25,-0.0460,11.2208,0.2989,-0.2304,1370.3007
2018-04-26,-0.0427,11.4542,0.2986,-0.2315,1370.3032
2018-04-27,-0.0394,11.7113,0.2984,-0.2326,1370.3056
2018-04-28,-0.0360,11.9030,0.2981,-0.2337,1370.3078
2018-04-29,-0.0306,12.0078,0.2978,-0.2349,1370.3099
2018-04-30,-0.0288,12.1640,0.2975,-0.2360,1370.3117
2018-05-01,-0.0242,12.3563,0.2972,-0.2371,1370.3133
2018-05-02,-0.0247,12.4521,0.2968,-0.2382,1370.3147
2018-05-03,-0.0265,12.5113,0.2965,-0.2393,1370.3157
2018-05-04,-0.0198,12.6779,0.2961,-0.2404,1370.3165
2018-05-05,-0.0198,12.9594,0.2957,-0.2415,1370.3168
2018-05-06,-0.0179,13.1913,0.2953,-0.2426,1370.3169
2018-05-07,-0.0129,13.3773,0.2949,-0.2437,1370.3165
2018-05-08,-0.0099,13.4867,0.2945,-0.2448,1370.3157
2018-05-09,-0.0082,13.6031,0.2941,-0.2459,1370.3145
2018-05-10,-0.0081,13.7943,0.2937,-0.2470,1370.3129
2018-05-11,-0.0048,14.0356,0.2933,-0.2481,1370.3106
2018-05-12,-0.0047,14.1251,0.2928,-0.2491,1370.3080
2018-05-13,-0.0044,14.1621,0.2924,-0.2502,1370.3047
2018-05-14,-0.0014,14.4156,0.2919,-0.2513,1370.3010
2018-05-15,0.0006,14.7514,0.2915,-0.2523,1370.2967
2018-05-16,0.0037,15.0505,0.2910,-0.2534,1370.2916
2018-05-17,0.0074,15.2418,0.2905,-0.2545,1370.2861
2018-05-18,0.0108,15.4446,0.2899,-0.2555,1370.2797
2018-05-19,0.0157,15.7160,0.2892,-0.2566,1370.2729
2018-05-20,0.0176,15.9150,0.2885,-0.2576,1370.2651
2018-05-21,0.0193,16.1074,0.2876,-0.2586,1370.2571
2018-05-22,0.0225,16.3629,0.2867,-0.2597,1370.2486
2018-05-23,0.0143,16.6130,0.2858,-0.2607,1370.2392
2018-05-24,0.0132,16.7387,0.2847,-0.2617,1370.2298
2018-05-25,0.0134,16.9026,0.2837,-0.2627,1370.2195
2018-05-26,0.0135,17.0510,0.2826,-0.2637,1370.2094
2018-05-27,0.0146,17.2117,0.2814,-0.2648,1370.1986
2018-05-28,0.0163,17.3970,0.2802,-0.2658,1370.1879
2018-05-29,0.0180,17.5311,0.2790,-0.2668,1370.1772
2018-05-30,0.0196,17.6466,0.2778,-0.2677,1370.1657
2018-05-31,0.0245,17.8054,0.2765,-0.2687,1370.1547
2018-06-01,0.0214,17.9930,0.2753,-0.2697,1370.1432
2018-06-02,0.0212,18.2071,0.2741,-0.2707,1370.1322
2018-06-03,0.0228,18.4858,0.2728,-0.2717,1370.1208
2018-06-04,0.0244,18.6936,0.2716,-0.2726,1370.1100
2018-06-05,0.0244,18.8513,0.2703,-0.2736,1370.0994
2018-06-06,0.0309,18.9811,0.2692,-0.2745,1370.0885
2018-06-07,0.0342,19.1148,0.2680,-0.2755,1370.0784
2018-06-08,0.0324,19.2652,0.2668,-0.2764,1370.0681
2018-06-09,0.0324,19.3798,0.2658,-0.2773,1370.0587
2018-06-10,0.0340,19.4417,0.2647,-0.2783,1370.0492
2018-06-11,0.0405,19.5491,0.2637,-0.2792,1370.0407
2018-06-12,0.0435,19.7585,0.2627,-0.2801,1370.0326
2018-06-13,0.0432,19.9952,0.2619,-0.2810,1370.0248
2018-06-14,0.0433,20.2083,0.2610,-0.2819,1370.0180
2018-06-15,0.0516,20.4124,0.2603,-0.2828,1370.0115
2018-06-16,0.0580,20.5843,0.2596,-0.2837,1370.0060
2018-06-17,0.0579,20.7673,0.2590,-0.2846,1370.0011
2018-06-18,0.0612,20.9405,0.2583,-0.2854,1369.9972
2018-06-19,0.0626,21.1436,0.2577,-0.2863,1369.9941
2018-06-20,0.0658,21.3110,0.2571,-0.2872,1369.9917
2018-06-21,0.0657,21.4731,0.2564,-0.2880,1369.9900
2018-06-22,0.0757,21.6334,0.2558,-0.2889,1369.9890
2018-06-23,0.0756,21.7982,0.2552,-0.2897,1369.9886
2018-06-24,0.0792,21.9532,0.2546,-0.2905,1369.9888
2018-06-25,0.0826,22.0753,0.2540,-0.2914,1369.9895
2018-06-26,0.0859,22.2136,0.2534,-0.2922,1369.9906
2018-06-27,0.0875,22.3781,0.2529,-0.2930,1369.9923
2018-06-28,0.0874,22.5739,0.2523,-0.2938,1369.9942
2018-06-29,0.0903,22.7915,0.2518,-0.2946,1369.9966
2018-06-30,0.0949,22.9422,0.2513,-0.2954,1369.9992
2018-07-01,0.0920,23.0233,0.2507,-0.2961,1370.0021
2018-07-02,0.0962,23.1541,0.2502,-0.2969,1370.0051
2018-07-03,0.0963,23.3308,0.2497,-0.2977,1370.0082
2018-07-04,0.0966,23.4347,0.2493,-0.2984,1370.0115
2018-07-05,0.0964,23.4829,0.2488,-0.2992,1370.0148
2018-07-06,0.0963,23.5284,0.2484,-0.2999,1370.0181
2018-07-07,0.0962,23.5549,0.2480,-0.3006,1370.0213
2018-07-08,0.0995,23.5766,0.2476,-0.3013,1370.0246
2018-07-09,0.1013,23.6295,0.2472,-0.3020,1370.0275
2018-07-10,0.1033,23.6804,0.2468,-0.3027,1370.0303
2018-07-11,0.1018,23.7172,0.2464,-0.3034,1370.0329
2018-07-12,0.1034,23.8702,0.2461,-0.3041,1370.0351
2018-07-13,0.1049,23.9559,0.2458,-0.3048,1370.0371
2018-07-14,0.1015,24.0213,0.2455,-0.3055,1370.0386
2018-07-15,0.1015,24.0426,0.2452,-0.3061,1370.0398
2018-07-16,0.1061,24.0425,0.2450,-0.3068,1370.0404
2018-07-17,0.1090,24.0397,0.2447,-0.3074,1370.0405
2018-07-18,0.1091,24.0577,0.2445,-0.3080,1370.0400
2018-07-19,0.1126,24.1561,0.2443,-0.3087,1370.0389
2018-07-20,0.1171,24.2369,0.2441,-0.3093,1370.0372
2018-07-21,0.1136,24.2895,0.2439,-0.3099,1370.0349
2018-07-22,0.1121,24.3555,0.2437,-0.3105,1370.0320
2018-07-23,0.1138,24.3563,0.2436,-0.3110,1370.0288
2018-07-24,0.1170,24.3909,0.2434,-0.3116,1370.0250
2018-07-25,0.1215,24.3792,0.2433,-0.3122,1370.0206
2018-07-26,0.1257,24.4393,0.2431,-0.3127,1370.0160
2018-07-27,0.1257,24.4566,0.2430,-0.3133,1370.0107
2018-07-28,0.1228,24.4229,0.2429,-0.3138,1370.0052
2018-07-29,0.1228,24.3688,0.2427,-0.3143,1369.9992
2018-07-30,0.1213,24.2827,0.2426,-0.3148,1369.9930
2018-07-31,0.1211,24.2504,0.2425,-0.3153,1369.9866
2018-08-01,0.1220,24.2959,0.2424,-0.3158,1369.9796
2018-08-02,0.1238,24.3013,0.2422,-0.3163,1369.9726
2018-08-03,0.1221,24.2394,0.2421,-0.3168,1369.9650
2018-08-04,0.1270,24.2168,0.2420,-0.3172,1369.9576
2018-08-05,0.1269,24.2241,0.2418,-0.3177,1369.9497
2018-08-06,0.1250,24.1879,0.2417,-0.3181,1369.9419
2018-08-07,0.1262,24.0788,0.2415,-0.3186,1369.9341
2018-08-08,0.1277,23.9524,0.2414,-0.3190,1369.9257
2018-08-09,0.1263,23.8941,0.2412,-0.3194,1369.9177
2018-08-10,0.1294,23.8649,0.2411,-0.3198,1369.9092
2018-08-11,0.1256,23.8176,0.2409,-0.3202,1369.9011
2018-08-12,0.1257,23.7937,0.2407,-0.3205,1369.8926
2018-08-13,0.1255,23.7862,0.2405,-0.3209,1369.8845
2018-08-14,0.1250,23.7445,0.2403,-0.3212,1369.8764
2018-08-15,0.1203,23.7006,0.2401,-0.3216,1369.8681
2018-08-16,0.1219,23.6304,0.2398,-0.3219,1369.8602
2018-08-17,0.1230,23.5342,0.2395,-0.3222,1369.8521
2018-08-18,0.1202,23.4768,0.2392,-0.3225,1369.8445
2018-08-19,0.1218,23.3924,0.2388,-0.3228,1369.8367
2018-08-20,0.1236,23.3013,0.2384,-0.3231,1369.8294
2018-08-21,0.1253,23.1906,0.2379,-0.3234,1369.8222
2018-08-22,0.1189,23.0231,0.2374,-0.3236,1369.8149
2018-08-23,0.1172,22.9109,0.2369,-0.3239,1369.8080
2018-08-24,0.1171,22.8183,0.2364,-0.3241,1369.8009
2018-08-25,0.1169,22.7126,0.2358,-0.3243,1369.7943
2018-08-26,0.1123,22.5830,0.2352,-0.3246,1369.7875
2018-08-27,0.1125,22.4044,0.2347,-0.3248,1369.7811
2018-08-28,0.1112,22.2132,0.2341,-0.3249,1369.7747
2018-08-29,0.1096,22.0462,0.2335,-0.3251,1369.7682
2018-08-30,0.1007,21.9322,0.2329,-0.3253,1369.7621
2018-08-31,0.1004,21.8606,0.2323,-0.3254,1369.7557
2018-09-01,0.1055,21.7803,0.2318,-0.3256,1369.7497
2018-09-02,0.1084,21.6641,0.2312,-0.3257,1369.7436
2018-09-03,0.1085,21.5630,0.2307,-0.3258,1369.7377
2018-09-04,0.1072,21.4303,0.2301,-0.3259,1369.7319
2018-09-05,0.1094,21.2313,0.2296,-0.3260,1369.7259
2018-09-06,0.1054,20.9993,0.2292,-0.3261,1369.7202
2018-09-07,0.1025,20.7330,0.2288,-0.3261,1369.7143
2018-09-08,0.1009,20.4387,0.2284,-0.3262,1369.7087
2018-09-09,0.1038,20.1318,0.2280,-0.3262,1369.7029
2018-09-10,0.1041,19.8575,0.2277,-0.3262,1369.6973
2018-09-11,0.1043,19.5451,0.2274,-0.3263,1369.6918
2018-09-12,0.1058,19.2658,0.2272,-0.3263,1369.6860
2018-09-13,0.1124,18.9816,0.2271,-0.3262,1369.6804
2018-09-14,0.1075,18.7309,0.2270,-0.3262,1369.6746
2018-09-15,0.1062,18.3658,0.2270,-0.3262,1369.6691
2018-09-16,0.1000,18.0286,0.2272,-0.3261,1369.6633
2018-09-17,0.0986,17.7173,0.2276,-0.3260,1369.6577
2018-09-18,0.0986,17.4202,0.2282,-0.3260,1369.6521
2018-09-19,0.0977,17.1510,0.2290,-0.3259,1369.6462
2018-09-20,0.0996,16.9150,0.2300,-0.3258,1369.6406
2018-09-21,0.0997,16.6567,0.2311,-0.3256,1369.6348
2018-09-22,0.1028,16.4164,0.2324,-0.3255,1369.6293
2018-09-23,0.1005,16.1924,0.2339,-0.3254,1369.6235
2018-09-24,0.0928,15.9892,0.2354,-0.3252,1369.6181
2018-09-25,0.0897,15.7789,0.2371,-0.3250,1369.6128
2018-09-26,0.0914,15.5275,0.2389,-0.3248,1369.6073
2018-09-27,0.0931,15.2870,0.2408,-0.3246,1369.6021
2018-09-28,0.0929,15.1482,0.2426,-0.3244,1369.5968
2018-09-29,0.0931,15.0744,0.2446,-0.3242,1369.5919
2018-09-30,0.0901,14.9703,0.2466,-0.3239,1369.5869
2018-10-01,0.0902,14.6787,0.2486,-0.3237,1369.5823
2018-10-02,0.0953,14.3835,0.2507,-0.3234,1369.5779
2018-10-03,0.0937,14.1584,0.2527,-0.3231,1369.5734
2018-10-04,0.0923,13.9616,0.2548,-0.3228,1369.5694
2018-10-05,0.0906,13.6729,0.2568,-0.3225,1369.5654
2018-10-06,0.0860,13.4237,0.2587,-0.3222,1369.5617
2018-10-07,0.0828,13.2096,0.2606,-0.3218,1369.5582
2018-10-08,0.0795,12.9243,0.2624,-0.3215,1369.5550
2018-10-09,0.0763,12.5984,0.2642,-0.3211,1369.5522
2018-10-10,0.0747,12.2050,0.2657,-0.3207,1369.5495
2018-10-11,0.0698,11.8252,0.2673,-0.3203,1369.5471
2018-10-12,0.0649,11.4954,0.2686,-0.3199,1369.5451
2018-10-13,0.0616,11.0938,0.2699,-0.3195,1369.5434
2018-10-14,0.0634,10.7048,0.2710,-0.3190,1369.5420
2018-10-15,0.0667,10.3473,0.2718,-0.3186,1369.5410
2018-10-16,0.0620,10.0556,0.2726,-0.3181,1369.5403
2018-10-17,0.0603,9.7651,0.2734,-0.3176,1369.5400
2018-10-18,0.0587,9.4846,0.2741,-0.3171,1369.5401
2018-10-19,0.0555,9.2061,0.2748,-0.3166,1369.5406
2018-10-20,0.0556,8.8584,0.2755,-0.3161,1369.5414
2018-10-21,0.0540,8.5437,0.2762,-0.3156,1369.5426
2018-10-22,0.0558,8.2879,0.2768,-0.3150,1369.5441
2018-10-23,0.0410,8.0646,0.2775,-0.3144,1369.5458
2018-10-24,0.0261,7.8192,0.2781,-0.3138,1369.5479
2018-10-25,0.0194,7.6188,0.2787,-0.3132,1369.5501
2018-10-26,0.0227,7.3290,0.2792,-0.3126,1369.5526
2018-10-27,0.0227,7.0485,0.2798,-0.3120,1369.5552
2018-10-28,0.0228,6.7840,0.2804,-0.3113,1369.5581
2018-10-29,0.0114,6.6016,0.2809,-0.3107,1369.5610
2018-10-30,0.0211,6.4032,0.2814,-0.3100,1369.5640
2018-10-31,0.0194,6.1550,0.2819,-0.3093,1369.5672
2018-11-01,0.0143,5.8364,0.2824,-0.3086,1369.5703
2018-11-02,0.0126,5.4923,0.2829,-0.3079,1369.5736
2018-11-03,0.0094,5.1220,0.2833,-0.3072,1369.5768
2018-11-04,0.0095,4.7912,0.2838,-0.3064,1369.5802
2018-11-05,0.0094,4.4730,0.2842,-0.3056,1369.5833
2018-11-06,0.0143,4.2583,0.2847,-0.3049,1369.5864
2018-11-07,0.0127,4.1431,0.2851,-0.3041,1369.5896
2018-11-08,0.0126,4.0402,0.2855,-0.3033,1369.5925
2018-11-09,-0.0003,3.9673,0.2859,-0.3024,1369.5954
2018-11-10,-0.0103,3.8188,0.2863,-0.3016,1369.5980
2018-11-11,-0.0135,3.7068,0.2867,-0.3007,1369.6005
2018-11-12,-0.0167,3.5356,0.2871,-0.2999,1369.6028
2018-11-13,-0.0233,3.3989,0.2874,-0.2990,1369.6048
2018-11-14,-0.0184,3.2042,0.2878,-0.2981,1369.6067
2018-11-15,-0.0183,3.1540,0.2881,-0.2972,1369.6082
2018-11-16,-0.0151,3.1936,0.2885,-0.2962,1369.6094
2018-11-17,-0.0185,3.2052,0.2888,-0.2953,1369.6103
2018-11-18,-0.0103,3.1538,0.2891,-0.2943,1369.6109
2018-11-19,-0.0071,3.0771,0.2894,-0.2934,1369.6112
2018-11-20,-0.0152,2.9952,0.2897,-0.2924,1369.6112
2018-11-21,-0.0168,2.8866,0.2899,-0.2914,1369.6109
2018-11-22,-0.0219,2.7937,0.2902,-0.2904,1369.6104
2018-11-23,-0.0172,2.6480,0.2905,-0.2893,1369.6096
2018-11-24,-0.0060,2.5224,0.2907,-0.2883,1369.6087
2018-11-25,-0.0123,2.4131,0.2910,-0.2872,1369.6076
2018-11-26,-0.0155,2.2859,0.2912,-0.2861,1369.6064
2018-11-27,-0.0170,2.0520,0.2914,-0.2850,1369.6051
2018-11-28,-0.0169,1.7463,0.2916,-0.2839,1369.6037
2018-11-29,-0.0152,1.3483,0.2919,-0.2828,1369.6022
2018-11-30,-0.0168,0.9556,0.2921,-0.2817,1369.6006
2018-12-01,-0.0133,0.8192,0.2923,-0.2805,1369.5991
2018-12-02,-0.0100,0.6066,0.2925,-0.2793,1369.5975
2018-12-03,-0.0083,0.2625,0.2928,-0.2782,1369.5959
2018-12-04,-0.0048,-0.1130,0.2930,-0.2770,1369.5945
2018-12-05,-0.0032,-0.3680,0.2932,-0.2757,1369.5930
2018-12-06,0.0067,-0.5704,0.2935,-0.2745,1369.5917
2018-12-07,0.0201,-0.6957,0.2937,-0.2733,1369.5905
2018-12-08,0.0201,-0.7149,0.2940,-0.2720,1369.5894
2018-12-09,0.0412,-0.7457,0.2942,-0.2707,1369.5885
2018-12-10,0.0378,-0.7338,0.2945,-0.2695,1369.5878
2018-12-11,0.0428,-0.6637,0.2948,-0.2682,1369.5873
2018-12-12,0.0477,-0.6740,0.2950,-0.2668,1369.5870
2018-12-13,0.0428,-0.6346,0.2953,-0.2655,1369.5870
2018-12-14,0.0410,-0.6431,0.2957,-0.2642,1369.5873
2018-12-15,0.0312,-0.6771,0.2960,-0.2628,1369.5879
2018-12-16,0.0425,-0.7600,0.2963,-0.2614,1369.5889
2018-12-17,0.0409,-0.8245,0.2967,-0.2600,1369.5901
2018-12-18,0.0458,-0.8585,0.2970,-0.2586,1369.5918
2018-12-19,0.0360,-0.8671,0.2974,-0.2572,1369.5938
2018-12-20,0.0261,-0.8343,0.2978,-0.2558,1369.5961
2018-12-21,0.0275,-0.7744,0.2982,-0.2543,1369.5989
2018-12-22,0.0175,-0.6762,0.2985,-0.2528,1369.6018
2018-12-23,0.0257,-0.7307,0.2990,-0.2514,1369.6052
2018-12-24,0.0375,-0.9233,0.2994,-0.2499,1369.6088
2018-12-25,0.0391,-1.1069,0.2998,-0.2484,1369.6126
2018-12-26,0.0426,-1.1181,0.3002,-0.2468,1369.6168
2018-12-27,0.0427,-1.0817,0.3007,-0.2453,1369.6211
2018-12-28,0.0491,-1.0501,0.3011,-0.2437,1369.6258
2018-12-29,0.0489,-1.1086,0.3015,-0.2422,1369.6305
2018-12-30,0.0476,-1.1877,0.3020,-0.2406,1369.6356
2018-12-31,0.0378,-1.2968,0.3025,-0.2390,1369.6407
2019-01-01,0.0350,-1.3389,0.3030,-0.2374,1369.6460
2019-01-02,0.0319,-1.2989,0.3034,-0.2358,1369.6516
2019-01-03,0.0249,-1.1551,0.3039,-0.2341,1369.6571
2019-01-04,0.0231,-0.9631,0.3044,-0.2325,1369.6631
2019-01-05,0.0163,-0.7983,0.3049,-0.2308,1369.6688
2019-01-06,0.0097,-0.6883,0.3054,-0.2291,1369.6747
2019-01-07,0.0082,-0.6975,0.3059,-0.2274,1369.6809
2019-01-08,-0.0062,-0.8528,0.3065,-0.2257,1369.6869
2019-01-09,0.0131,-1.0486,0.3070,-0.2240,1369.6932
2019-01-10,0.0242,-1.1507,0.3075,-0.2223,1369.6993
2019-01-11,0.0274,-1.2358,0.3081,-0.2205,1369.7057
2019-01-12,0.0306,-1.2568,0.3086,-0.2188,1369.7118
2019-01-13,0.0357,-1.3888,0.3092,-0.2170,1369.7181
2019-01-14,0.0128,-1.4042,0.3097,-0.2152,1369.7242
2019-01-15,0.0326,-1.3341,0.3103,-0.2134,1369.7302
2019-01-16,0.0262,-1.3571,0.3109,-0.2116,1369.7365
2019-01-17,0.0311,-1.4189,0.3115,-0.2097,1369.7424
2019-01-18,0.0274,-1.5249,0.3120,-0.2079,1369.7485
2019-01-19,0.0258,-1.6060,0.3126,-0.2060,1369.7542
2019-01-20,0.0290,-1.7501,0.3133,-0.2041,1369.7599
2019-01-21,0.0332,-1.9450,0.3139,-0.2022,1369.7658
2019-01-22,0.0464,-2.1391,0.3146,-0.2003,1369.7713
2019-01-23,0.0548,-2.2512,0.3152,-0.1984,1369.7769
2019-01-24,0.0646,-2.4781,0.3159,-0.1965,1369.7823
2019-01-25,0.0726,-2.6879,0.3166,-0.1946,1369.7878
2019-01-26,0.0743,-2.7252,0.3172,-0.1926,1369.7929
2019-01-27,0.0673,-2.5996,0.3179,-0.1906,1369.7982
2019-01-28,0.0655,-2.4205,0.3186,-0.1887,1369.8032
2019-01-29,0.0212,-2.1348,0.3194,-0.1867,1369.8081
2019-01-30,0.0112,-1.8278,0.3201,-0.1847,1369.8131
2019-01-31,0.0096,-1.6247,0.3208,-0.1826,1369.8178
2019-02-01,-0.0149,-1.4375,0.3216,-0.1806,1369.8226
2019-02-02,-0.0524,-1.1624,0.3223,-0.1786,1369.8271
2019-02-03,-0.0637,-0.8883,0.3231,-0.1765,1369.8315
2019-02-04,-0.0672,-0.6414,0.3239,-0.1744,1369.8361
2019-02-05,-0.0752,-0.4482,0.3247,-0.1723,1369.8403
2019-02-06,-0.0802,-0.3247,0.3254,-0.1703,1369.8446
2019-02-07,-0.0803,-0.3238,0.3262,-0.1681,1369.8485
2019-02-08,-0.0887,-0.3042,0.3270,-0.1660,1369.8526
2019-02-09,-0.0902,-0.2505,0.3278,-0.1639,1369.8564
2019-02-10,-0.0985,-0.2596,0.3287,-0.1617,1369.8603
2019-02-11,-0.1067,-0.2219,0.3295,-0.1596,1369.8638
2019-02-12,-0.1050,-0.2693,0.3304,-0.1574,1369.8673
2019-02-13,-0.1066,-0.2442,0.3312,-0.1552,1369.8708
2019-02-14,-0.1067,-0.1887,0.3320,-0.1530,1369.8740
2019-02-15,-0.1118,-0.0892,0.3330,-0.1508,1369.8773
2019-02-16,-0.1185,0.0143,0.3339,-0.1486,1369.8803
2019-02-17,-0.1134,0.0765,0.3349,-0.1464,1369.8832
2019-02-18,-0.1115,0.1221,0.3360,-0.1441,1369.8861
2019-02-19,-0.1113,0.2523,0.3371,-0.1419,1369.8887
2019-02-20,-0.1114,0.2752,0.3382,-0.1396,1369.8914
2019-02-21,-0.1116,0.2761,0.3394,-0.1373,1369.8940
2019-02-22,-0.1084,0.3883,0.3406,-0.1351,1369.8965
2019-02-23,-0.1184,0.6096,0.3418,-0.1328,1369.8989
2019-02-24,-0.1235,0.7973,0.3431,-0.1305,1369.9013
2019-02-25,-0.1252,0.9642,0.3444,-0.1281,1369.9036
2019-02-26,-0.1252,1.1518,0.3457,-0.1258,1369.9059
2019-02-27,-0.1268,1.2891,0.3469,-0.1235,1369.9082
2019-02-28,-0.1272,1.3200,0.3482,-0.1211,1369.9104
2019-03-01,-0.1274,1.3607,0.3495,-0.1187,1369.9127
2019-03-02,-0.1274,1.4500,0.3507,-0.1164,1369.9149
2019-03-03,-0.1291,1.5760,0.3520,-0.1140,1369.9171
2019-03-04,-0.1260,1.7120,0.3532,-0.1116,1369.9195
2019-03-05,-0.1244,1.7977,0.3544,-0.1092,1369.9218
2019-03-06,-0.1192,1.8460,0.3555,-0.1067,1369.9242
2019-03-07,-0.1227,1.9254,0.3566,-0.1043,1369.9265
2019-03-08,-0.1194,2.0052,0.3577,-0.1019,1369.9291
2019-03-09,-0.1193,2.1976,0.3586,-0.0994,1369.9316
2019-03-10,-0.1160,2.6016,0.3596,-0.0970,1369.9343
2019-03-11,-0.1229,2.9485,0.3605,-0.0945,1369.9369
2019-03-12,-0.1314,3.1117,0.3613,-0.0920,1369.9397
2019-03-13,-0.1380,3.2370,0.3621,-0.0895,1369.9427
2019-03-14,-0.1365,3.3536,0.3627,-0.0870,1369.9457
2019-03-15,-0.1451,3.5875,0.3633,-0.0845,1369.9489
2019-03-16,-0.1434,3.8497,0.3638,-0.0820,1369.9521
2019-03-17,-0.1435,4.0028,0.3643,-0.0795,1369.9555
2019-03-18,-0.1419,4.0447,0.3647,-0.0769,1369.9592
2019-03-19,-0.1417,4.1319,0.3651,-0.0744,1369.9629
2019-03-20,-0.1434,4.3431,0.3654,-0.0718,1369.9669
2019-03-21,-0.1382,4.6035,0.3658,-0.0693,1369.9709
2019-03-22,-0.1380,4.9279,0.3661,-0.0667,1369.9752
2019-03-23,-0.1441,5.2275,0.3664,-0.0641,1369.9794
2019-03-24,-0.1440,5.4962,0.3668,-0.0615,1369.9838
2019-03-25,-0.1506,5.7733,0.3671,-0.0589,1369.9884
2019-03-26,-0.1504,6.1574,0.3674,-0.0563,1369.9930
2019-03-27,-0.1536,6.5271,0.3676,-0.0537,1369.9978
2019-03-28,-0.1534,6.8091,0.3679,-0.0511,1370.0025
2019-03-29,-0.1468,7.0152,0.3682,-0.0484,1370.0075
2019-03-30,-0.1486,7.1313,0.3684,-0.0458,1370.0123
2019-03-31,-0.1402,7.1558,0.3687,-0.0431,1370.0171
2019-04-01,-0.1417,7.1389,0.3689,-0.0405,1370.0222
2019-04-02,-0.1504,7.0751,0.3692,-0.0378,1370.0271
2019-04-03,-0.1468,7.1769,0.3694,-0.0351,1370.0322
2019-04-04,-0.1402,7.3152,0.3696,-0.0325,1370.0371
2019-04-05,-0.1353,7.4725,0.3698,-0.0298,1370.0422
2019-04-06,-0.1353,7.6244,0.3700,-0.0271,1370.0471
2019-04-07,-0.1318,7.7466,0.3702,-0.0244,1370.0519
2019-04-08,-0.1353,7.8550,0.3704,-0.0217,1370.0568
2019-04-09,-0.1385,7.9982,0.3706,-0.0189,1370.0615
2019-04-10,-0.1368,8.1167,0.3708,-0.0162,1370.0664
2019-04-11,-0.1368,8.2014,0.3710,-0.0135,1370.0710
2019-04-12,-0.1300,8.3263,0.3712,-0.0107,1370.0756
2019-04-13,-0.1249,8.4549,0.3714,-0.0080,1370.0800
2019-04-14,-0.1249,8.7534,0.3716,-0.0052,1370.0843
2019-04-15,-0.1249,9.0464,0.3718,-0.0025,1370.0886
2019-04-16,-0.1232,9.3179,0.3720,0.0003,1370.0926
2019-04-17,-0.1232,9.4429,0.3722,0.0031,1370.0966
2019-04-18,-0.1216,9.4374,0.3725,0.0059,1370.1003
2019-04-19,-0.1183,9.4628,0.3727,0.0086,1370.1040
2019-04-20,-0.1167,9.4737,0.3729,0.0114,1370.1074
2019-04-21,-0.1151,9.4491,0.3731,0.0142,1370.1108
2019-04-22,-0.1100,9.5083,0.3733,0.0170,1370.1142
2019-04-23,-0.1098,9.5448,0.3736,0.0199,1370.1173
2019-04-24,-0.1114,9.5467,0.3738,0.0227,1370.1207
2019-04-25,-0.1014,9.5985,0.3740,0.0255,1370.1238
2019-04-26,-0.0947,9.6662,0.3742,0.0283,1370.1272
2019-04-27,-0.0947,9.6942,0.3744,0.0312,1370.1305
2019-04-28,-0.0931,9.6441,0.3747,0.0340,1370.1339
2019-04-29,-0.1014,9.6618,0.3749,0.0368,1370.1375
2019-04-30,-0.1030,9.8035,0.3751,0.0397,1370.1412
2019-05-01,-0.1028,9.9680,0.3753,0.0425,1370.1452
2019-05-02,-0.0928,10.1409,0.3755,0.0454,1370.1492
2019-05-03,-0.0928,10.2846,0.3756,0.0483,1370.1537
2019-05-04,-0.0945,10.3666,0.3758,0.0511,1370.1582
2019-05-05,-0.0928,10.4667,0.3760,0.0540,1370.1631
2019-05-06,-0.0911,10.5936,0.3761,0.0569,1370.1684
2019-05-07,-0.0877,10.7573,0.3763,0.0598,1370.1739
2019-05-08,-0.0878,10.9530,0.3764,0.0626,1370.1801
2019-05-09,-0.0895,11.0459,0.3765,0.0655,1370.1864
2019-05-10,-0.0945,10.9932,0.3767,0.0684,1370.1934
2019-05-11,-0.0895,11.0197,0.3768,0.0713,1370.2006
2019-05-12,-0.0829,11.2419,0.3768,0.0742,1370.2082
2019-05-13,-0.0880,11.5008,0.3769,0.0771,1370.2168
2019-05-14,-0.0814,11.7785,0.3770,0.0800,1370.2255
2019-05-15,-0.0798,12.0417,0.3770,0.0829,1370.2352
2019-05-16,-0.0747,12.1483,0.3770,0.0859,1370.2451
2019-05-17,-0.0747,12.2676,0.3770,0.0888,1370.2562
2019-05-18,-0.0731,12.4797,0.3768,0.0917,1370.2674
2019-05-19,-0.0731,12.6466,0.3766,0.0946,1370.2792
2019-05-20,-0.0699,12.7982,0.3763,0.0975,1370.2923
2019-05-21,-0.0714,12.9340,0.3759,0.1005,1370.3055
2019-05-22,-0.0730,13.0263,0.3754,0.1034,1370.3198
2019-05-23,-0.0647,13.0747,0.3748,0.1063,1370.3341
2019-05-24,-0.0598,13.1011,0.3741,0.1093,1370.3495
2019-05-25,-0.0565,13.1759,0.3734,0.1122,1370.3647
2019-05-26,-0.0516,13.2988,0.3726,0.1151,1370.3803
2019-05-27,-0.0451,13.4086,0.3718,0.1181,1370.3970
2019-05-28,-0.0451,13.4705,0.3708,0.1210,1370.4132
2019-05-29,-0.0434,13.5615,0.3699,0.1240,1370.4305
2019-05-30,-0.0401,13.7156,0.3689,0.1269,1370.4472
2019-05-31,-0.0369,13.9382,0.3678,0.1299,1370.4649
2019-06-01,-0.0286,14.1288,0.3668,0.1328,1370.4820
2019-06-02,-0.0273,14.4219,0.3657,0.1358,1370.4991
2019-06-03,-0.0305,14.6579,0.3645,0.1387,1370.5171
2019-06-04,-0.0273,14.8284,0.3634,0.1417,1370.5343
2019-06-05,-0.0242,14.9538,0.3622,0.1446,1370.5523
2019-06-06,-0.0194,15.0612,0.3610,0.1476,1370.5694
2019-06-07,-0.0161,15.2032,0.3598,0.1505,1370.5871
2019-06-08,-0.0145,15.3463,0.3587,0.1535,1370.6039
2019-06-09,-0.0064,15.5163,0.3574,0.1565,1370.6205
2019-06-10,-0.0048,15.7207,0.3563,0.1594,1370.6375
2019-06-11,0.0004,15.9564,0.3551,0.1624,1370.6536
2019-06-12,-0.0046,16.1868,0.3540,0.1653,1370.6700
2019-06-13,-0.0031,16.3934,0.3529,0.1683,1370.6853
2019-06-14,-0.0015,16.5303,0.3518,0.1712,1370.7008
2019-06-15,-0.0015,16.6751,0.3507,0.1742,1370.7152
2019-06-16,-0.0032,16.8082,0.3497,0.1772,1370.7291
2019-06-17,0.0030,17.0247,0.3486,0.1801,1370.7430
2019-06-18,0.0047,17.3407,0.3475,0.1831,1370.7557
2019-06-19,0.0045,17.6131,0.3464,0.1860,1370.7684
2019-06-20,0.0089,17.8936,0.3453,0.1890,1370.7799
2019-06-21,0.0138,18.1605,0.3440,0.1919,1370.7912
2019-06-22,0.0152,18.4337,0.3428,0.1949,1370.8015
2019-06-23,0.0167,18.7360,0.3416,0.1978,1370.8112
2019-06-24,0.0197,19.0583,0.3403,0.2008,1370.8208
2019-06-25,0.0180,19.3055,0.3390,0.2037,1370.8294
2019-06-26,0.0147,19.4977,0.3377,0.2067,1370.8378
2019-06-27,0.0098,19.6999,0.3364,0.2096,1370.8453
2019-06-28,0.0113,19.9394,0.3351,0.2126,1370.8526
2019-06-29,0.0168,20.1787,0.3338,0.2155,1370.8591
2019-06-30,0.0183,20.3965,0.3324,0.2184,1370.8651
2019-07-01,0.0181,20.5946,0.3311,0.2214,1370.8708
2019-07-02,0.0208,20.6602,0.3298,0.2243,1370.8758
2019-07-03,0.0172,20.7775,0.3285,0.2272,1370.8805
2019-07-04,0.0201,20.9350,0.3272,0.2302,1370.8846
2019-07-05,0.0201,21.1025,0.3259,0.2331,1370.8884
2019-07-06,0.0201,21.2479,0.3247,0.2360,1370.8916
2019-07-07,0.0218,21.3683,0.3235,0.2389,1370.8944
2019-07-08,0.0283,21.4621,0.3223,0.2419,1370.8969
2019-07-09,0.0331,21.6024,0.3211,0.2448,1370.8988
2019-07-10,0.0360,21.7788,0.3200,0.2477,1370.9005
2019-07-11,0.0424,21.9464,0.3189,0.2506,1370.9017
2019-07-12,0.0440,22.0394,0.3178,0.2535,1370.9025
2019-07-13,0.0472,22.0682,0.3168,0.2564,1370.9030
2019-07-14,0.0539,22.0845,0.3158,0.2593,1370.9031
2019-07-15,0.0522,22.1075,0.3150,0.2622,1370.9029
2019-07-16,0.0507,22.1875,0.3141,0.2651,1370.9024
2019-07-17,0.0524,22.2704,0.3133,0.2680,1370.9015
2019-07-18,0.0541,22.3680,0.3125,0.2709,1370.9003
2019-07-19,0.0573,22.4857,0.3117,0.2737,1370.8988
2019-07-20,0.0568,22.5545,0.3110,0.2766,1370.8971
2019-07-21,0.0555,22.5673,0.3102,0.2795,1370.8951
2019-07-22,0.0554,22.6145,0.3095,0.2823,1370.8927
2019-07-23,0.0553,22.7947,0.3088,0.2852,1370.8902
2019-07-24,0.0548,22.9885,0.3081,0.2881,1370.8873
2019-07-25,0.0533,23.1121,0.3075,0.2909,1370.8844
2019-07-26,0.0513,23.2024,0.3068,0.2938,1370.8810
2019-07-27,0.0483,23.2835,0.3062,0.2966,1370.8776
2019-07-28,0.0513,23.3190,0.3055,0.2994,1370.8740
2019-07-29,0.0463,23.3397,0.3049,0.3023,1370.8700
2019-07-30,0.0447,23.3514,0.3043,0.3051,1370.8660
2019-07-31,0.0434,23.3790,0.3037,0.3079,1370.8617
2019-08-01,0.0420,23.4764,0.3031,0.3107,1370.8574
2019-08-02,0.0437,23.5003,0.3025,0.3135,1370.8527
2019-08-03,0.0490,23.5277,0.3019,0.3163,1370.8481
2019-08-04,0.0460,23.5876,0.3014,0.3191,1370.8434
2019-08-05,0.0474,23.6559,0.3008,0.3219,1370.8383
2019-08-06,0.0461,23.7206,0.3002,0.3247,1370.8333
2019-08-07,0.0483,23.7716,0.2997,0.3275,1370.8280
2019-08-08,0.0514,23.7871,0.2991,0.3302,1370.8229
2019-08-09,0.0523,23.8190,0.2986,0.3330,1370.8174
2019-08-10,0.0531,23.7714,0.2980,0.3358,1370.8121
2019-08-11,0.0517,23.6915,0.2975,0.3385,1370.8067
2019-08-12,0.0561,23.5856,0.2969,0.3413,1370.8011
2019-08-13,0.0550,23.3762,0.2964,0.3440,1370.7956
2019-08-14,0.0538,23.1979,0.2959,0.3467,1370.7898
2019-08-15,0.0606,23.0558,0.2953,0.3494,1370.7843
2019-08-16,0.0618,22.9632,0.2948,0.3522,1370.7785
2019-08-17,0.0619,22.8923,0.2942,0.3549,1370.7730
2019-08-18,0.0626,22.8531,0.2936,0.3576,1370.7675
2019-08-19,0.0583,22.6974,0.2931,0.3603,1370.7617
2019-08-20,0.0591,22.5625,0.2925,0.3629,1370.7562
2019-08-21,0.0536,22.4431,0.2920,0.3656,1370.7505
2019-08-22,0.0526,22.2437,0.2915,0.3683,1370.7450
2019-08-23,0.0497,21.9970,0.2909,0.3710,1370.7393
2019-08-24,0.0402,21.7914,0.2904,0.3736,1370.7339
2019-08-25,0.0399,21.6536,0.2898,0.3762,1370.7284
2019-08-26,0.0459,21.5307,0.2893,0.3789,1370.7227
2019-08-27,0.0428,21.4176,0.2888,0.3815,1370.7173
2019-08-28,0.0427,21.3387,0.2882,0.3841,1370.7116
2019-08-29,0.0457,21.2676,0.2877,0.3867,1370.7061
2019-08-30,0.0461,21.1493,0.2872,0.3893,1370.7004
2019-08-31,0.0485,20.8570,0.2867,0.3919,1370.6950
2019-09-01,0.0509,20.6821,0.2862,0.3945,1370.6895
2019-09-02,0.0538,20.4364,0.2857,0.3971,1370.6838
2019-09-03,0.0505,20.1686,0.2852,0.3997,1370.6784
2019-09-04,0.0527,19.9288,0.2847,0.4022,1370.6727
2019-09-05,0.0554,19.6929,0.2842,0.4048,1370.6672
2019-09-06,0.0480,19.4222,0.2838,0.4073,1370.6615
2019-09-07,0.0402,19.1172,0.2833,0.4098,1370.6560
2019-09-08,0.0324,18.8730,0.2829,0.4124,1370.6505
2019-09-09,0.0283,18.7483,0.2824,0.4149,1370.6447
2019-09-10,0.0243,18.5389,0.2820,0.4174,1370.6392
2019-09-11,0.0224,18.1618,0.2816,0.4199,1370.6334
2019-09-12,0.0124,17.8365,0.2812,0.4223,1370.6278
2019-09-13,0.0165,17.5478,0.2808,0.4248,1370.6220
2019-09-14,0.0124,17.3010,0.2804,0.4273,1370.6164
2019-09-15,0.0062,17.0760,0.2800,0.4297,1370.6108
2019-09-16,0.0021,16.8430,0.2796,0.4322,1370.6049
2019-09-17,-0.0016,16.6370,0.2792,0.4346,1370.5992
2019-09-18,-0.0056,16.4563,0.2788,0.4370,1370.5933
2019-09-19,-0.0104,16.1776,0.2785,0.4394,1370.5876
2019-09-20,-0.0187,15.9590,0.2781,0.4418,1370.5816
2019-09-21,-0.0146,15.6255,0.2777,0.4442,1370.5759
2019-09-22,-0.0207,15.3288,0.2772,0.4466,1370.5703
2019-09-23,-0.0228,15.0868,0.2769,0.4489,1370.5644
2019-09-24,-0.0269,14.8420,0.2764,0.4513,1370.5589
2019-09-25,-0.0286,14.4905,0.2761,0.4536,1370.5531
2019-09-26,-0.0400,14.1844,0.2757,0.4560,1370.5477
2019-09-27,-0.0435,14.0067,0.2753,0.4583,1370.5421
2019-09-28,-0.0522,13.5859,0.2749,0.4606,1370.5368
2019-09-29,-0.0594,13.1570,0.2745,0.4629,1370.5317
2019-09-30,-0.0623,12.6792,0.2742,0.4652,1370.5265
2019-10-01,-0.0648,12.1518,0.2738,0.4675,1370.5216
2019-10-02,-0.0691,11.7131,0.2735,0.4697,1370.5166
2019-10-03,-0.0676,11.3287,0.2732,0.4720,1370.5121
2019-10-04,-0.0741,10.9539,0.2729,0.4742,1370.5075
2019-10-05,-0.0753,10.6316,0.2726,0.4764,1370.5032
2019-10-06,-0.0741,10.3282,0.2723,0.4786,1370.4992
2019-10-07,-0.0767,10.0240,0.2721,0.4808,1370.4952
2019-10-08,-0.0820,9.7553,0.2718,0.4830,1370.4916
2019-10-09,-0.0829,9.4987,0.2716,0.4852,1370.4881
2019-10-10,-0.0822,9.3175,0.2715,0.4874,1370.4849
2019-10-11,-0.0880,9.1436,0.2713,0.4895,1370.4819
2019-10-12,-0.0878,8.9550,0.2712,0.4917,1370.4793
2019-10-13,-0.0874,8.8066,0.2711,0.4938,1370.4770
2019-10-14,-0.0834,8.6617,0.2710,0.4959,1370.4748
2019-10-15,-0.0861,8.4950,0.2710,0.4980,1370.4731
2019-10-16,-0.0929,8.2999,0.2710,0.5001,1370.4716
2019-10-17,-0.0941,8.1259,0.2710,0.5022,1370.4705
2019-10-18,-0.0972,7.8750,0.2711,0.5042,1370.4697
2019-10-19,-0.1053,7.7220,0.2712,0.5063,1370.4692
2019-10-20,-0.1120,7.5878,0.2713,0.5083,1370.4691
2019-10-21,-0.1177,7.4694,0.2715,0.5103,1370.4693
2019-10-22,-0.1175,7.3264,0.2717,0.5124,1370.4698
2019-10-23,-0.1203,7.1988,0.2719,0.5144,1370.4707
2019-10-24,-0.1143,7.0193,0.2721,0.5163,1370.4718
2019-10-25,-0.1138,6.7798,0.2724,0.5183,1370.4732
2019-10-26,-0.1149,6.5548,0.2727,0.5203,1370.4748
2019-10-27,-0.1142,6.2458,0.2730,0.5222,1370.4766
2019-10-28,-0.1141,5.8985,0.2733,0.5241,1370.4788
2019-10-29,-0.1154,5.6207,0.2737,0.5260,1370.4810
2019-10-30,-0.1137,5.3212,0.2740,0.5279,1370.4836
2019-10-31,-0.1128,5.1328,0.2744,0.5298,1370.4863
2019-11-01,-0.1130,4.8689,0.2748,0.5317,1370.4893
2019-11-02,-0.1125,4.6066,0.2753,0.5336,1370.4923
2019-11-03,-0.1145,4.4654,0.2757,0.5354,1370.4955
2019-11-04,-0.1165,4.2702,0.2762,0.5372,1370.4990
2019-11-05,-0.1202,4.0742,0.2767,0.5391,1370.5024
2019-11-06,-0.1217,3.9490,0.2771,0.5409,1370.5062
2019-11-07,-0.1193,3.8743,0.2776,0.5426,1370.5098
2019-11-08,-0.1197,3.8123,0.2782,0.5444,1370.5138
2019-11-09,-0.1211,3.6253,0.2787,0.5462,1370.5177
2019-11-10,-0.1197,3.4651,0.2793,0.5479,1370.5216
2019-11-11,-0.1232,3.4724,0.2798,0.5496,1370.5257
2019-11-12,-0.1260,3.5084,0.2804,0.5514,1370.5298
2019-11-13,-0.1329,3.5496,0.2809,0.5531,1370.5340
2019-11-14,-0.1295,3.4866,0.2815,0.5547,1370.5381
2019-11-15,-0.1275,3.3478,0.2821,0.5564,1370.5424
2019-11-16,-0.1282,3.1069,0.2828,0.5581,1370.5465
2019-11-17,-0.1259,2.8039,0.2837,0.5597,1370.5506
2019-11-18,-0.1270,2.4826,0.2847,0.5613,1370.5548
2019-11-19,-0.1202,2.3421,0.2860,0.5629,1370.5588
2019-11-20,-0.1199,2.1730,0.2873,0.5645,1370.5630
2019-11-21,-0.1214,2.1229,0.2888,0.5661,1370.5670
2019-11-22,-0.1207,2.0797,0.2905,0.5677,1370.5711
2019-11-23,-0.1229,2.0433,0.2922,0.5692,1370.5750
2019-11-24,-0.1167,2.0015,0.2940,0.5708,1370.5789
2019-11-25,-0.1151,1.9764,0.2959,0.5723,1370.5829
2019-11-26,-0.1115,1.8292,0.2979,0.5738,1370.5867
2019-11-27,-0.1116,1.5906,0.2998,0.5753,1370.5907
2019-11-28,-0.1075,1.5915,0.3018,0.5767,1370.5944
2019-11-29,-0.1014,1.5600,0.3039,0.5782,1370.5983
2019-11-30,-0.1016,1.5522,0.3059,0.5796,1370.6020
2019-12-01,-0.0984,1.6341,0.3080,0.5810,1370.6056
2019-12-02,-0.0920,1.6284,0.3100,0.5825,1370.6094
2019-12-03,-0.0920,1.6202,0.3120,0.5838,1370.6130
2019-12-04,-0.0858,1.5579,0.3139,0.5852,1370.6167
2019-12-05,-0.0795,1.4740,0.3157,0.5866,1370.6202
2019-12-06,-0.0860,1.4176,0.3176,0.5879,1370.6238
2019-12-07,-0.0859,1.3346,0.3192,0.5893,1370.6272
2019-12-08,-0.0857,1.2189,0.3209,0.5906,1370.6306
2019-12-09,-0.0891,1.1222,0.3223,0.5919,1370.6340
2019-12-10,-0.0859,1.0157,0.3237,0.5931,1370.6373
2019-12-11,-0.0859,0.8848,0.3249,0.5944,1370.6407
2019-12-12,-0.0808,0.7000,0.3259,0.5957,1370.6439
2019-12-13,-0.0792,0.6231,0.3268,0.5969,1370.6472
2019-12-14,-0.0793,0.5400,0.3274,0.5981,1370.6503
2019-12-15,-0.0793,0.4673,0.3279,0.5993,1370.6534
2019-12-16,-0.0810,0.3491,0.3282,0.6005,1370.6565
2019-12-17,-0.0761,0.1670,0.3285,0.6016,1370.6595
2019-12-18,-0.0749,0.1091,0.3287,0.6028,1370.6625
2019-12-19,-0.0652,-0.0193,0.3290,0.6039,1370.6654
2019-12-20,-0.0570,-0.1649,0.3292,0.6050,1370.6683
2019-12-21,-0.0523,-0.3260,0.3294,0.6061,1370.6711
2019-12-22,-0.0490,-0.3519,0.3296,0.6072,1370.6739
2019-12-23,-0.0523,-0.3555,0.3298,0.6083,1370.6768
2019-12-24,-0.0539,-0.3564,0.3300,0.6093,1370.6795
2019-12-25,-0.0558,-0.3355,0.3301,0.6104,1370.6824
2019-12-26,-0.0543,-0.3091,0.3303,0.6114,1370.6852
2019-12-27,-0.0527,-0.2249,0.3304,0.6124,1370.6880
2019-12-28,-0.0513,-0.0828,0.3306,0.6134,1370.6908
2019-12-29,-0.0503,-0.1135,0.3307,0.6143,1370.6936
2019-12-30,-0.0480,-0.1119,0.3308,0.6153,1370.6965
2019-12-31,-0.0497,-0.0847,0.3310,0.6162,1370.6994
2020-01-01,-0.0470,0.0163,0.3311,0.6171,1370.7024
2020-01-02,-0.0442,0.1392,0.3312,0.6180,1370.7053
2020-01-03,-0.0452,0.2102,0.3313,0.6189,1370.7085
2020-01-04,-0.0452,0.3259,0.3314,0.6198,1370.7115
2020-01-05,-0.0406,0.1559,0.3316,0.6206,1370.7146
2020-01-06,-0.0362,-0.0958,0.3317,0.6215,1370.7180
2020-01-07,-0.0288,-0.3176,0.3318,0.6223,1370.7213
2020-01-08,-0.0247,-0.4279,0.3319,0.6231,1370.7248
2020-01-09,-0.0266,-0.4305,0.3321,0.6239,1370.7282
2020-01-10,-0.0246,-0.3223,0.3322,0.6246,1370.7320
2020-01-11,-0.0247,-0.3442,0.3324,0.6254,1370.7356
2020-01-12,-0.0226,-0.4284,0.3325,0.6261,1370.7394
2020-01-13,-0.0206,-0.5896,0.3327,0.6268,1370.7435
2020-01-14,-0.0224,-0.6828,0.3329,0.6275,1370.7475
2020-01-15,-0.0331,-0.6931,0.3331,0.6282,1370.7519
2020-01-16,-0.0300,-0.5572,0.3332,0.6288,1370.7562
2020-01-17,-0.0365,-0.3979,0.3334,0.6295,1370.7608
2020-01-18,-0.0517,-0.1803,0.3336,0.6301,1370.7654
2020-01-19,-0.0516,-0.1189,0.3338,0.6307,1370.7701
2020-01-20,-0.0547,-0.1330,0.3340,0.6313,1370.7752
2020-01-21,-0.0606,-0.1748,0.3342,0.6319,1370.7801
2020-01-22,-0.0557,-0.2793,0.3344,0.6324,1370.7854
2020-01-23,-0.0587,-0.3458,0.3346,0.6330,1370.7905
2020-01-24,-0.0669,-0.3935,0.3348,0.6335,1370.7960
2020-01-25,-0.0696,-0.4459,0.3350,0.6340,1370.8012
2020-01-26,-0.0696,-0.4431,0.3352,0.6345,1370.8064
2020-01-27,-0.0668,-0.4504,0.3354,0.6350,1370.8120
2020-01-28,-0.0682,-0.4161,0.3357,0.6354,1370.8172
2020-01-29,-0.0711,-0.2848,0.3359,0.6358,1370.8227
2020-01-30,-0.0731,-0.1245,0.3361,0.6363,1370.8280
2020-01-31,-0.0794,0.0321,0.3363,0.6367,1370.8334
2020-02-01,-0.0839,0.1283,0.3366,0.6370,1370.8385
2020-02-02,-0.0892,0.1229,0.3368,0.6374,1370.8436
2020-02-03,-0.0924,0.1989,0.3370,0.6378,1370.8488
2020-02-04,-0.0907,0.2788,0.3373,0.6381,1370.8536
2020-02-05,-0.0922,0.3668,0.3375,0.6384,1370.8586
2020-02-06,-0.0920,0.4981,0.3378,0.6387,1370.8632
2020-02-07,-0.0895,0.6820,0.3380,0.6390,1370.8679
2020-02-08,-0.0876,0.7676,0.3383,0.6392,1370.8722
2020-02-09,-0.0968,0.8658,0.3385,0.6395,1370.8763
2020-02-10,-0.0987,0.9968,0.3388,0.6397,1370.8805
2020-02-11,-0.1033,1.2090,0.3391,0.6399,1370.8842
2020-02-12,-0.1160,1.3695,0.3394,0.6401,1370.8879
2020-02-13,-0.1174,1.4159,0.3396,0.6403,1370.8912
2020-02-14,-0.1138,1.5078,0.3400,0.6405,1370.8943
2020-02-15,-0.1155,1.6329,0.3403,0.6406,1370.8971
2020-02-16,-0.1173,1.7824,0.3406,0.6407,1370.8996
2020-02-17,-0.1092,1.8433,0.3410,0.6408,1370.9019
2020-02-18,-0.1096,1.9235,0.3414,0.6409,1370.9038
2020-02-19,-0.1144,2.0001,0.3419,0.6410,1370.9055
2020-02-20,-0.1170,2.0393,0.3423,0.6410,1370.9069
2020-02-21,-0.1192,2.0628,0.3428,0.6411,1370.9081
2020-02-22,-0.1180,2.0920,0.3433,0.6411,1370.9090
2020-02-23,-0.1165,2.1256,0.3439,0.6411,1370.9098
2020-02-24,-0.1212,2.2085,0.3444,0.6411,1370.9104
2020-02-25,-0.1192,2.2741,0.3450,0.6411,1370.9107
2020-02-26,-0.1207,2.2333,0.3455,0.6410,1370.9110
2020-02-27,-0.1207,2.1331,0.3461,0.6409,1370.9111
2020-02-28,-0.1176,2.1566,0.3466,0.6409,1370.9111
2020-02-29,-0.1177,2.2252,0.3472,0.6408,1370.9110
2020-03-01,-0.1193,2.3602,0.3477,0.6406,1370.9108
2020-03-02,-0.1212,2.5650,0.3483,0.6405,1370.9105
2020-03-03,-0.1196,2.7158,0.3488,0.6404,1370.9102
2020-03-04,-0.1176,2.6440,0.3493,0.6402,1370.9098
2020-03-05,-0.1138,2.5966,0.3498,0.6400,1370.9094
2020-03-06,-0.1151,2.8837,0.3503,0.6398,1370.9090
2020-03-07,-0.1151,3.2844,0.3507,0.6396,1370.9087
2020-03-08,-0.1173,3.5755,0.3511,0.6393,1370.9084
2020-03-09,-0.1189,3.7098,0.3515,0.6391,1370.9081
2020-03-10,-0.1186,3.7964,0.3519,0.6388,1370.9078
2020-03-11,-0.1167,3.7664,0.3522,0.6385,1370.9077
2020-03-12,-0.1181,3.9166,0.3524,0.6382,1370.9077
2020-03-13,-0.1117,4.0978,0.3527,0.6379,1370.9078
2020-03-14,-0.1132,4.2196,0.3528,0.6376,1370.9080
2020-03-15,-0.1149,4.2736,0.3530,0.6372,1370.9083
2020-03-16,-0.1118,4.2837,0.3530,0.6369,1370.9089
2020-03-17,-0.1102,4.3438,0.3531,0.6365,1370.9096
2020-03-18,-0.1083,4.3729,0.3531,0.6361,1370.9105
2020-03-19,-0.1066,4.3665,0.3532,0.6356,1370.9116
2020-03-20,-0.1068,4.4798,0.3533,0.6352,1370.9130
2020-03-21,-0.1052,4.6668,0.3533,0.6347,1370.9145
2020-03-22,-0.1019,4.8716,0.3534,0.6343,1370.9161
2020-03-23,-0.1020,5.0792,0.3534,0.6338,1370.9180
2020-03-24,-0.1019,5.2275,0.3535,0.6333,1370.9199
2020-03-25,-0.1001,5.3914,0.3535,0.6328,1370.9221
2020-03-26,-0.1000,5.5646,0.3535,0.6322,1370.9244
2020-03-27,-0.0983,5.7983,0.3536,0.6317,1370.9269
2020-03-28,-0.0982,6.1181,0.3536,0.6311,1370.9293
2020-03-29,-0.0931,6.4108,0.3537,0.6305,1370.9319
2020-03-30,-0.0914,6.6116,0.3537,0.6299,1370.9347
2020-03-31,-0.0914,6.8336,0.3537,0.6293,1370.9375
2020-04-01,-0.0878,7.0421,0.3538,0.6287,1370.9405
2020-04-02,-0.0845,7.2601,0.3538,0.6280,1370.9434
2020-04-03,-0.0812,7.5133,0.3538,0.6274,1370.9465
2020-04-04,-0.0778,7.7205,0.3539,0.6267,1370.9495
2020-04-05,-0.0780,7.8192,0.3539,0.6260,1370.9525
2020-04-06,-0.0783,7.9130,0.3539,0.6253,1370.9558
2020-04-07,-0.0783,8.0323,0.3539,0.6245,1370.9589
2020-04-08,-0.0767,8.0160,0.3539,0.6238,1370.9621
2020-04-09,-0.0736,8.1134,0.3540,0.6230,1370.9652
2020-04-10,-0.0701,8.2482,0.3540,0.6222,1370.9685
2020-04-11,-0.0635,8.4221,0.3540,0.6215,1370.9716
2020-04-12,-0.0618,8.5489,0.3540,0.6206,1370.9747
2020-04-13,-0.0589,8.6609,0.3540,0.6198,1370.9778
2020-04-14,-0.0557,8.8696,0.3540,0.6190,1370.9808
2020-04-15,-0.0514,8.9735,0.3540,0.6181,1370.9839
2020-04-16,-0.0484,9.0855,0.3540,0.6173,1370.9867
2020-04-17,-0.0453,9.2180,0.3538,0.6164,1370.9896
2020-04-18,-0.0420,9.3995,0.3536,0.6155,1370.9923
2020-04-19,-0.0434,9.6545,0.3533,0.6146,1370.9949
2020-04-20,-0.0424,9.7667,0.3529,0.6136,1370.9976
2020-04-21,-0.0476,9.8659,0.3524,0.6127,1371.0000
2020-04-22,-0.0497,10.0102,0.3519,0.6117,1371.0025
2020-04-23,-0.0496,10.1586,0.3513,0.6107,1371.0047
2020-04-24,-0.0509,10.2071,0.3506,0.6097,1371.0070
2020-04-25,-0.0479,10.2419,0.3499,0.6087,1371.0091
2020-04-26,-0.0545,10.3293,0.3491,0.6077,1371.0110
2020-04-27,-0.0545,10.6122,0.3483,0.6067,1371.0130
2020-04-28,-0.0547,10.9680,0.3474,0.6056,1371.0148
2020-04-29,-0.0533,11.2990,0.3465,0.6046,1371.0166
2020-04-30,-0.0548,11.6185,0.3456,0.6035,1371.0182
2020-05-01,-0.0483,11.8811,0.3446,0.6024,1371.0198
2020-05-02,-0.0453,12.0468,0.3436,0.6013,1371.0212
2020-05-03,-0.0443,12.2449,0.3425,0.6001,1371.0225
2020-05-04,-0.0447,12.5855,0.3415,0.5990,1371.0237
2020-05-05,-0.0437,12.8905,0.3404,0.5978,1371.0249
2020-05-06,-0.0393,13.1572,0.3394,0.5967,1371.0259
2020-05-07,-0.0343,13.3622,0.3384,0.5955,1371.0268
2020-05-08,-0.0245,13.5170,0.3373,0.5943,1371.0277
2020-05-09,-0.0244,13.5839,0.3363,0.5931,1371.0283
2020-05-10,-0.0197,13.5657,0.3352,0.5919,1371.0289
2020-05-11,-0.0216,13.6740,0.3342,0.5906,1371.0295
2020-05-12,-0.0219,13.8265,0.3332,0.5894,1371.0298
2020-05-13,-0.0268,14.0073,0.3323,0.5881,1371.0301
2020-05-14,-0.0234,14.2881,0.3313,0.5868,1371.0303
2020-05-15,-0.0204,14.5432,0.3304,0.5855,1371.0303
2020-05-16,-0.0173,14.8129,0.3296,0.5842,1371.0303
2020-05-17,-0.0205,15.0187,0.3287,0.5829,1371.0301
2020-05-18,-0.0173,15.2478,0.3278,0.5816,1371.0298
2020-05-19,-0.0150,15.3817,0.3268,0.5802,1371.0294
2020-05-20,-0.0140,15.4953,0.3259,0.5789,1371.0289
2020-05-21,-0.0113,15.6328,0.3250,0.5775,1371.0283
2020-05-22,-0.0094,15.8178,0.3241,0.5761,1371.0275
2020-05-23,-0.0042,16.0364,0.3231,0.5747,1371.0267
2020-05-24,-0.0047,16.2368,0.3221,0.5733,1371.0257
2020-05-25,-0.0037,16.4392,0.3212,0.5719,1371.0245
2020-05-26,-0.0025,16.6887,0.3202,0.5704,1371.0233
2020-05-27,-0.0060,16.8696,0.3192,0.5690,1371.0219
2020-05-28,-0.0033,16.9788,0.3183,0.5675,1371.0204
2020-05-29,-0.0076,17.0999,0.3173,0.5660,1371.0187
2020-05-30,-0.0098,17.1822,0.3163,0.5645,1371.0169
2020-05-31,-0.0100,17.0851,0.3153,0.5630,1371.0150
2020-06-01,-0.0068,17.0086,0.3143,0.5615,1371.0129
2020-06-02,-0.0032,17.0765,0.3133,0.5600,1371.0107
2020-06-03,-0.0039,17.1842,0.3123,0.5584,1371.0083
2020-06-04,-0.0001,17.3026,0.3113,0.5569,1371.0058
2020-06-05,-0.0008,17.4993,0.3103,0.5553,1371.0031
2020-06-06,-0.0049,17.6637,0.3094,0.5537,1371.0003
2020-06-07,-0.0050,17.8003,0.3084,0.5522,1370.9974
2020-06-08,-0.0016,18.0351,0.3074,0.5506,1370.9942
2020-06-09,-0.0033,18.2137,0.3064,0.5489,1370.9910
2020-06-10,-0.0029,18.3349,0.3055,0.5473,1370.9875
2020-06-11,-0.0041,18.4333,0.3046,0.5457,1370.9840
2020-06-12,0.0026,18.5900,0.3036,0.5440,1370.9802
2020-06-13,0.0057,18.7895,0.3027,0.5424,1370.9763
2020-06-14,0.0096,18.9900,0.3018,0.5407,1370.9723
2020-06-15,0.0105,19.1693,0.3009,0.5390,1370.9680
2020-06-16,0.0096,19.3360,0.3000,0.5373,1370.9637
2020-06-17,0.0086,19.4795,0.2992,0.5356,1370.9589
2020-06-18,0.0106,19.6014,0.2983,0.5339,1370.9543
2020-06-19,0.0111,19.7262,0.2974,0.5322,1370.9492
2020-06-20,0.0041,19.9674,0.2965,0.5304,1370.9443
2020-06-21,0.0172,20.2525,0.2956,0.5287,1370.9391
2020-06-22,0.0176,20.4463,0.2947,0.5269,1370.9336
2020-06-23,0.0173,20.5902,0.2938,0.5252,1370.9282
2020-06-24,0.0186,20.8333,0.2929,0.5234,1370.9224
2020-06-25,0.0270,21.0516,0.2920,0.5216,1370.9168
2020-06-26,0.0353,21.2254,0.2911,0.5198,1370.9108
2020-06-27,0.0360,21.3330,0.2902,0.5180,1370.9049
2020-06-28,0.0340,21.3725,0.2893,0.5162,1370.8989
2020-06-29,0.0354,21.3976,0.2885,0.5143,1370.8926
2020-06-30,0.0380,21.4085,0.2876,0.5125,1370.8864
2020-07-01,0.0314,21.4594,0.2867,0.5106,1370.8799
2020-07-02,0.0318,21.5523,0.2859,0.5088,1370.8736
2020-07-03,0.0319,21.6443,0.2851,0.5069,1370.8670
2020-07-04,0.0305,21.7408,0.2843,0.5050,1370.8605
2020-07-05,0.0321,21.7976,0.2834,0.5031,1370.8541
2020-07-06,0.0304,21.8181,0.2826,0.5012,1370.8472
2020-07-07,0.0324,21.8119,0.2818,0.4993,1370.8407
2020-07-08,0.0324,21.8980,0.2811,0.4974,1370.8338
2020-07-09,0.0371,22.0496,0.2804,0.4955,1370.8272
2020-07-10,0.0392,22.2736,0.2796,0.4935,1370.8202
2020-07-11,0.0393,22.4659,0.2789,0.4916,1370.8136
2020-07-12,0.0409,22.5720,0.2782,0.4896,1370.8069
2020-07-13,0.0424,22.6216,0.2775,0.4877,1370.8000
2020-07-14,0.0425,22.6453,0.2768,0.4857,1370.7934
2020-07-15,0.0450,22.7590,0.2762,0.4837,1370.7864
2020-07-16,0.0454,22.8564,0.2756,0.4817,1370.7799
2020-07-17,0.0473,22.9244,0.2750,0.4797,1370.7730
2020-07-18,0.0505,23.0350,0.2744,0.4777,1370.7665
2020-07-19,0.0521,23.2290,0.2738,0.4757,1370.7600
2020-07-20,0.0508,23.4099,0.2732,0.4737,1370.7532
2020-07-21,0.0494,23.5648,0.2726,0.4717,1370.7468
2020-07-22,0.0466,23.6458,0.2721,0.4696,1370.7400
2020-07-23,0.0485,23.7031,0.2715,0.4676,1370.7336
2020-07-24,0.0509,23.7733,0.2710,0.4655,1370.7268
2020-07-25,0.0499,23.8013,0.2704,0.4635,1370.7203
2020-07-26,0.0516,23.8050,0.2699,0.4614,1370.7138
2020-07-27,0.0560,23.8372,0.2694,0.4593,1370.7069
2020-07-28,0.0540,23.8818,0.2688,0.4572,1370.7003
2020-07-29,0.0561,23.8973,0.2683,0.4552,1370.6933
2020-07-30,0.0593,23.9597,0.2679,0.4531,1370.6866
2020-07-31,0.0622,24.1428,0.2673,0.4509,1370.6794
2020-08-01,0.0620,24.2694,0.2669,0.4488,1370.6725
2020-08-02,0.0617,24.2894,0.2664,0.4467,1370.6654
2020-08-03,0.0601,24.1971,0.2659,0.4446,1370.6579
2020-08-04,0.0597,24.1477,0.2655,0.4425,1370.6506
2020-08-05,0.0597,24.1226,0.2650,0.4403,1370.6429
2020-08-06,0.0617,24.0997,0.2646,0.4382,1370.6353
2020-08-07,0.0605,24.0867,0.2641,0.4360,1370.6272
2020-08-08,0.0591,24.1032,0.2637,0.4339,1370.6194
2020-08-09,0.0589,24.0636,0.2633,0.4317,1370.6113
2020-08-10,0.0572,23.7885,0.2629,0.4295,1370.6027
2020-08-11,0.0591,23.5205,0.2625,0.4274,1370.5943
2020-08-12,0.0606,23.2827,0.2621,0.4252,1370.5852
2020-08-13,0.0606,23.0732,0.2617,0.4230,1370.5764
2020-08-14,0.0638,22.9103,0.2613,0.4208,1370.5669
2020-08-15,0.0634,22.8103,0.2609,0.4186,1370.5576
2020-08-16,0.0664,22.7355,0.2606,0.4164,1370.5480
2020-08-17,0.0714,22.6727,0.2602,0.4142,1370.5377
2020-08-18,0.0729,22.5889,0.2598,0.4120,1370.5277
2020-08-19,0.0728,22.5043,0.2595,0.4097,1370.5169
2020-08-20,0.0757,22.4360,0.2591,0.4075,1370.5064
2020-08-21,0.0743,22.3317,0.2588,0.4053,1370.4952
2020-08-22,0.0711,22.2372,0.2585,0.4030,1370.4844
2020-08-23,0.0760,22.1878,0.2581,0.4008,1370.4734
2020-08-24,0.0778,22.1541,0.2578,0.3986,1370.4618
2020-08-25,0.0783,22.1067,0.2574,0.3963,1370.4507
2020-08-26,0.0769,22.0606,0.2571,0.3941,1370.4389
2020-08-27,0.0739,22.0105,0.2568,0.3918,1370.4277
2020-08-28,0.0738,21.9769,0.2565,0.3895,1370.4159
2020-08-29,0.0724,21.7943,0.2562,0.3873,1370.4047
2020-08-30,0.0694,21.5768,0.2559,0.3850,1370.3935
2020-08-31,0.0763,21.3700,0.2556,0.3827,1370.3819
2020-09-01,0.0779,21.1751,0.2553,0.3804,1370.3708
2020-09-02,0.0814,20.9921,0.2550,0.3782,1370.3594
2020-09-03,0.0828,20.8145,0.2548,0.3759,1370.3486
2020-09-04,0.0799,20.6467,0.2545,0.3736,1370.3375
2020-09-05,0.0847,20.5076,0.2542,0.3713,1370.3271
2020-09-06,0.0878,20.3964,0.2539,0.3690,1370.3169
2020-09-07,0.0873,20.2947,0.2537,0.3667,1370.3065
2020-09-08,0.0917,20.2063,0.2534,0.3644,1370.2969
2020-09-09,0.0944,20.1435,0.2532,0.3621,1370.2870
2020-09-10,0.0975,20.0469,0.2530,0.3598,1370.2780
2020-09-11,0.0975,19.9362,0.2527,0.3575,1370.2688
2020-09-12,0.1043,19.7094,0.2525,0.3552,1370.2605
2020-09-13,0.1047,19.5504,0.2523,0.3528,1370.2525
2020-09-14,0.1004,19.4059,0.2520,0.3505,1370.2446
2020-09-15,0.0990,19.2820,0.2518,0.3482,1370.2375
2020-09-16,0.0990,19.0209,0.2516,0.3459,1370.2306
2020-09-17,0.0947,18.7431,0.2514,0.3435,1370.2244
2020-09-18,0.0859,18.5239,0.2512,0.3412,1370.2185
2020-09-19,0.0859,18.3263,0.2510,0.3389,1370.2133
2020-09-20,0.0910,18.0996,0.2507,0.3365,1370.2085
2020-09-21,0.0926,17.8865,0.2505,0.3342,1370.2040
2020-09-22,0.0926,17.6852,0.2503,0.3319,1370.2000
2020-09-23,0.0926,17.3493,0.2501,0.3295,1370.1963
2020-09-24,0.0898,17.0096,0.2498,0.3272,1370.1931
2020-09-25,0.0817,16.7963,0.2496,0.3249,1370.1902
2020-09-26,0.0785,16.3768,0.2494,0.3225,1370.1877
2020-09-27,0.0753,15.8987,0.2492,0.3202,1370.1855
2020-09-28,0.0737,15.4843,0.2490,0.3178,1370.1835
2020-09-29,0.0673,15.1616,0.2488,0.3155,1370.1819
2020-09-30,0.0627,14.8953,0.2486,0.3131,1370.1805
2020-10-01,0.0595,14.6576,0.2484,0.3108,1370.1794
2020-10-02,0.0564,14.4640,0.2482,0.3084,1370.1785
2020-10-03,0.0582,14.3401,0.2481,0.3061,1370.1778
2020-10-04,0.0583,14.1879,0.2479,0.3037,1370.1774
2020-10-05,0.0617,14.0609,0.2477,0.3014,1370.1770
2020-10-06,0.0634,13.9061,0.2476,0.2990,1370.1769
2020-10-07,0.0668,13.7080,0.2475,0.2967,1370.1769
2020-10-08,0.0621,13.5568,0.2474,0.2943,1370.1770
2020-10-09,0.0602,13.3383,0.2473,0.2920,1370.1772
2020-10-10,0.0668,13.2476,0.2472,0.2896,1370.1774
2020-10-11,0.0618,13.0530,0.2471,0.2873,1370.1778
2020-10-12,0.0569,12.8238,0.2471,0.2849,1370.1781
2020-10-13,0.0570,12.6080,0.2470,0.2826,1370.1785
2020-10-14,0.0554,12.3072,0.2470,0.2802,1370.1790
2020-10-15,0.0455,12.0548,0.2470,0.2779,1370.1794
2020-10-16,0.0405,11.7471,0.2470,0.2755,1370.1797
2020-10-17,0.0404,11.5388,0.2470,0.2731,1370.1801
2020-10-18,0.0403,11.3656,0.2471,0.2708,1370.1803
2020-10-19,0.0387,11.1908,0.2471,0.2685,1370.1805
2020-10-20,0.0402,11.0378,0.2472,0.2661,1370.1806
2020-10-21,0.0403,10.8235,0.2472,0.2638,1370.1807
2020-10-22,0.0369,10.5448,0.2473,0.2614,1370.1806
2020-10-23,0.0335,10.2418,0.2473,0.2591,1370.1804
2020-10-24,0.0302,9.9139,0.2474,0.2567,1370.1802
2020-10-25,0.0253,9.5835,0.2475,0.2544,1370.1798
2020-10-26,0.0221,9.2027,0.2476,0.2520,1370.1793
2020-10-27,0.0204,8.8839,0.2477,0.2497,1370.1787
2020-10-28,0.0085,8.4807,0.2478,0.2474,1370.1779
2020-10-29,0.0053,8.1950,0.2479,0.2450,1370.1771
2020-10-30,0.0036,7.9650,0.2480,0.2427,1370.1760
2020-10-31,0.0021,7.7189,0.2482,0.2404,1370.1749
2020-11-01,0.0087,7.4822,0.2483,0.2380,1370.1736
2020-11-02,0.0070,7.1873,0.2484,0.2357,1370.1720
2020-11-03,0.0071,6.8430,0.2485,0.2334,1370.1704
2020-11-04,0.0088,6.5143,0.2487,0.2311,1370.1685
2020-11-05,-0.0144,6.1708,0.2488,0.2287,1370.1665
2020-11-06,-0.0176,5.8504,0.2489,0.2264,1370.1643
2020-11-07,-0.0239,5.5908,0.2491,0.2241,1370.1619
2020-11-08,-0.0288,5.2921,0.2492,0.2218,1370.1594
2020-11-09,-0.0421,4.9726,0.2493,0.2195,1370.1565
2020-11-10,-0.0386,4.7312,0.2495,0.2172,1370.1535
2020-11-11,-0.0420,4.4321,0.2496,0.2149,1370.1502
2020-11-12,-0.0502,4.2509,0.2497,0.2126,1370.1468
2020-11-13,-0.0502,3.9250,0.2499,0.2103,1370.1430
2020-11-14,-0.0499,3.5504,0.2500,0.2080,1370.1391
2020-11-15,-0.0512,3.2252,0.2501,0.2057,1370.1350
2020-11-16,-0.0475,2.9729,0.2502,0.2034,1370.1304
2020-11-17,-0.0477,2.7314,0.2504,0.2011,1370.1258
2020-11-18,-0.0350,2.5288,0.2505,0.1988,1370.1207
2020-11-19,-0.0365,2.2337,0.2506,0.1965,1370.1157
2020-11-20,-0.0366,1.9906,0.2508,0.1943,1370.1102
2020-11-21,-0.0379,1.7978,0.2509,0.1920,1370.1048
2020-11-22,-0.0411,1.6129,0.2511,0.1897,1370.0994
2020-11-23,-0.0410,1.5193,0.2512,0.1875,1370.0936
2020-11-24,-0.0373,1.3190,0.2514,0.1852,1370.0880
2020-11-25,-0.0420,1.0050,0.2515,0.1829,1370.0821
2020-11-26,-0.0389,0.9673,0.2517,0.1807,1370.0765
2020-11-27,-0.0421,1.0838,0.2518,0.1784,1370.0706
2020-11-28,-0.0452,1.0509,0.2520,0.1762,1370.0651
2020-11-29,-0.0367,0.9278,0.2521,0.1740,1370.0597
2020-11-30,-0.0319,0.6464,0.2523,0.1717,1370.0541
2020-12-01,-0.0280,0.3286,0.2525,0.1695,1370.0490
2020-12-02,-0.0295,0.0900,0.2527,0.1673,1370.0438
2020-12-03,-0.0363,-0.1614,0.2528,0.1651,1370.0390
2020-12-04,-0.0379,-0.4130,0.2530,0.1628,1370.0343
2020-12-05,-0.0373,-0.6460,0.2532,0.1606,1370.0301
2020-12-06,-0.0340,-0.8501,0.2534,0.1584,1370.0262
2020-12-07,-0.0321,-1.0626,0.2535,0.1562,1370.0224
2020-12-08,-0.0287,-1.3586,0.2537,0.1540,1370.0191
2020-12-09,-0.0199,-1.5104,0.2539,0.1518,1370.0162
2020-12-10,-0.0247,-1.5773,0.2541,0.1496,1370.0137
2020-12-11,-0.0262,-1.5618,0.2543,0.1475,1370.0117
2020-12-12,-0.0210,-1.6199,0.2545,0.1453,1370.0102
2020-12-13,-0.0208,-1.7702,0.2547,0.1431,1370.0092
2020-12-14,-0.0170,-1.8406,0.2549,0.1410,1370.0087
2020-12-15,-0.0137,-1.8624,0.2551,0.1388,1370.0088
2020-12-16,0.0067,-1.8989,0.2553,0.1366,1370.0095
2020-12-17,-0.0083,-2.0094,0.2555,0.1345,1370.0109
2020-12-18,-0.0115,-2.1622,0.2557,0.1324,1370.0129
2020-12-19,-0.0098,-2.3245,0.2560,0.1302,1370.0155
2020-12-20,-0.0096,-2.5292,0.2562,0.1281,1370.0185
2020-12-21,-0.0100,-2.6478,0.2564,0.1260,1370.0223
2020-12-22,-0.0050,-2.6480,0.2567,0.1238,1370.0264
2020-12-23,-0.0037,-2.6098,0.2569,0.1217,1370.0312
2020-12-24,-0.0041,-2.5651,0.2572,0.1196,1370.0362
2020-12-25,-0.0109,-2.6061,0.2574,0.1175,1370.0419
2020-12-26,-0.0132,-2.6007,0.2577,0.1154,1370.0476
2020-12-27,-0.0116,-2.6572,0.2579,0.1133,1370.0537
2020-12-28,-0.0083,-2.6711,0.2582,0.1113,1370.0604
2020-12-29,-0.0054,-2.6296,0.2585,0.1092,1370.0671
2020-12-30,-0.0045,-2.5263,0.2587,0.1071,1370.0743
2020-12-31,-0.0064,-2.4855,0.2590,0.1051,1370.0814
2021-01-01,-0.0086,-2.5046,0.2593,0.1030,1370.0890
2021-01-02,-0.0116,-2.4638,0.2595,0.1010,1370.0965
2021-01-03,-0.0150,-2.3252,0.2598,0.0989,1370.1040
2021-01-04,-0.0180,-2.1158,0.2601,0.0969,1370.1120
2021-01-05,-0.0152,-1.9660,0.2604,0.0949,1370.1196
2021-01-06,-0.0149,-1.9606,0.2607,0.0928,1370.1276
2021-01-07,-0.0202,-1.9333,0.2610,0.0908,1370.1353
2021-01-08,-0.0221,-1.8598,0.2613,0.0888,1370.1433
2021-01-09,-0.0309,-1.7421,0.2615,0.0868,1370.1508
2021-01-10,-0.0367,-1.6529,0.2618,0.0848,1370.1582
2021-01-11,-0.0334,-1.5148,0.2621,0.0828,1370.1658
2021-01-12,-0.0299,-1.4201,0.2624,0.0809,1370.1729
2021-01-13,-0.0298,-1.2402,0.2627,0.0789,1370.1801
2021-01-14,-0.0337,-1.0353,0.2630,0.0769,1370.1867
2021-01-15,-0.0403,-0.9593,0.2633,0.0750,1370.1934
2021-01-16,-0.0370,-0.8956,0.2636,0.0730,1370.1994
2021-01-17,-0.0437,-0.7716,0.2639,0.0711,1370.2052
2021-01-18,-0.0513,-0.7967,0.2642,0.0692,1370.2108
2021-01-19,-0.0513,-0.7994,0.2645,0.0672,1370.2159
2021-01-20,-0.0565,-0.8340,0.2648,0.0653,1370.2210
2021-01-21,-0.0635,-0.7650,0.2651,0.0634,1370.2255
2021-01-22,-0.0598,-0.7923,0.2654,0.0615,1370.2299
2021-01-23,-0.0597,-0.8327,0.2657,0.0596,1370.2339
2021-01-24,-0.0595,-0.7009,0.2660,0.0578,1370.2377
2021-01-25,-0.0562,-0.5562,0.2663,0.0559,1370.2413
2021-01-26,-0.0577,-0.5277,0.2666,0.0540,1370.2447
2021-01-27,-0.0565,-0.6259,0.2669,0.0522,1370.2479
2021-01-28,-0.0709,-0.5656,0.2672,0.0503,1370.2508
2021-01-29,-0.0818,-0.5823,0.2675,0.0485,1370.2537
2021-01-30,-0.0866,-0.4800,0.2678,0.0466,1370.2563
2021-01-31,-0.0837,-0.3024,0.2682,0.0448,1370.2588
2021-02-01,-0.0906,-0.1575,0.2685,0.0430,1370.2612
2021-02-02,-0.0860,0.0110,0.2688,0.0412,1370.2635
2021-02-03,-0.0876,0.1456,0.2692,0.0394,1370.2657
2021-02-04,-0.0963,0.2620,0.2695,0.0376,1370.2677
2021-02-05,-0.0979,0.4022,0.2698,0.0358,1370.2698
2021-02-06,-0.0998,0.5555,0.2702,0.0340,1370.2717
2021-02-07,-0.0983,0.7723,0.2706,0.0323,1370.2736
2021-02-08,-0.1080,0.8435,0.2709,0.0305,1370.2755
2021-02-09,-0.1116,0.9063,0.2713,0.0287,1370.2774
2021-02-10,-0.1133,0.9619,0.2717,0.0270,1370.2793
2021-02-11,-0.1165,1.0377,0.2720,0.0253,1370.2811
2021-02-12,-0.1149,1.1215,0.2724,0.0236,1370.2831
2021-02-13,-0.1166,1.2377,0.2728,0.0218,1370.2850
2021-02-14,-0.1213,1.2796,0.2733,0.0201,1370.2870
2021-02-15,-0.1233,1.3624,0.2737,0.0184,1370.2891
2021-02-16,-0.1203,1.4506,0.2742,0.0168,1370.2913
2021-02-17,-0.1187,1.5858,0.2747,0.0151,1370.2936
2021-02-18,-0.1225,1.7342,0.2753,0.0134,1370.2959
2021-02-19,-0.1290,1.8671,0.2759,0.0118,1370.2984
2021-02-20,-0.1290,1.8844,0.2765,0.0101,1370.3009
2021-02-21,-0.1260,1.8825,0.2771,0.0085,1370.3034
2021-02-22,-0.1290,1.8700,0.2778,0.0068,1370.3061
2021-02-23,-0.1325,1.8718,0.2785,0.0052,1370.3087
2021-02-24,-0.1246,1.9626,0.2791,0.0036,1370.3115
2021-02-25,-0.1280,2.0090,0.2798,0.0020,1370.3142
2021-02-26,-0.1313,2.0845,0.2805,0.0004,1370.3171
2021-02-27,-0.1377,2.2894,0.2812,-0.0012,1370.3199
2021-02-28,-0.1461,2.4448,0.2819,-0.0027,1370.3227
2021-03-01,-0.1476,2.3775,0.2826,-0.0043,1370.3256
2021-03-02,-0.1511,2.4062,0.2832,-0.0059,1370.3284
2021-03-03,-0.1500,2.5437,0.2839,-0.0074,1370.3314
2021-03-04,-0.1550,2.7631,0.2845,-0.0089,1370.3342
2021-03-05,-0.1515,2.9585,0.2851,-0.0105,1370.3371
2021-03-06,-0.1464,3.0896,0.2856,-0.0120,1370.3399
2021-03-07,-0.1449,3.2068,0.2862,-0.0135,1370.3427
2021-03-08,-0.1431,3.3261,0.2867,-0.0150,1370.3456
2021-03-09,-0.1368,3.4478,0.2872,-0.0165,1370.3483
2021-03-10,-0.1402,3.5992,0.2876,-0.0179,1370.3511
2021-03-11,-0.1354,3.6308,0.2880,-0.0194,1370.3537
2021-03-12,-0.1384,3.6708,0.2883,-0.0209,1370.3564
2021-03-13,-0.1420,3.7056,0.2886,-0.0223,1370.3589
2021-03-14,-0.1450,3.7612,0.2888,-0.0237,1370.3613
2021-03-15,-0.1402,3.8640,0.2889,-0.0252,1370.3638
2021-03-16,-0.1390,3.9199,0.2890,-0.0266,1370.3661
2021-03-17,-0.1342,3.9578,0.2891,-0.0280,1370.3685
2021-03-18,-0.1363,4.0790,0.2891,-0.0294,1370.3706
2021-03-19,-0.1363,4.1280,0.2892,-0.0308,1370.3727
2021-03-20,-0.1335,4.2564,0.2892,-0.0321,1370.3746
2021-03-21,-0.1389,4.5023,0.2893,-0.0335,1370.3765
2021-03-22,-0.1372,4.7052,0.2893,-0.0349,1370.3783
2021-03-23,-0.1372,4.7826,0.2894,-0.0362,1370.3800
2021-03-24,-0.1344,4.9092,0.2894,-0.0376,1370.3817
2021-03-25,-0.1377,5.0922,0.2895,-0.0389,1370.3832
2021-03-26,-0.1359,5.2906,0.2895,-0.0402,1370.3847
2021-03-27,-0.1310,5.4892,0.2896,-0.0415,1370.3861
2021-03-28,-0.1309,5.5883,0.2896,-0.0428,1370.3873
2021-03-29,-0.1308,5.7332,0.2897,-0.0441,1370.3886
2021-03-30,-0.1311,5.8577,0.2897,-0.0453,1370.3897
2021-03-31,-0.1310,6.1303,0.2897,-0.0466,1370.3908
2021-04-01,-0.1324,6.4855,0.2898,-0.0479,1370.3918
2021-04-02,-0.1355,6.7887,0.2898,-0.0491,1370.3928
2021-04-03,-0.1385,6.9203,0.2898,-0.0503,1370.3936
2021-04-04,-0.1338,7.0068,0.2899,-0.0516,1370.3944
2021-04-05,-0.1290,7.1483,0.2899,-0.0528,1370.3952
2021-04-06,-0.1247,7.2611,0.2899,-0.0540,1370.3959
2021-04-07,-0.1218,7.3904,0.2899,-0.0552,1370.3965
2021-04-08,-0.1220,7.5261,0.2899,-0.0563,1370.3971
2021-04-09,-0.1220,7.5044,0.2900,-0.0575,1370.3976
2021-04-10,-0.1258,7.6326,0.2900,-0.0587,1370.3981
2021-04-11,-0.1212,7.7903,0.2900,-0.0598,1370.3985
2021-04-12,-0.1184,7.9360,0.2900,-0.0610,1370.3988
2021-04-13,-0.1139,8.1743,0.2900,-0.0621,1370.3991
2021-04-14,-0.1123,8.5016,0.2900,-0.0632,1370.3994
2021-04-15,-0.1096,8.7726,0.2900,-0.0643,1370.3996
2021-04-16,-0.1051,8.9671,0.2900,-0.0654,1370.3998
2021-04-17,-0.1075,9.1499,0.2899,-0.0665,1370.4000
2021-04-18,-0.1072,9.2704,0.2898,-0.0676,1370.4001
2021-04-19,-0.1076,9.3980,0.2896,-0.0686,1370.4001
2021-04-20,-0.1029,9.5465,0.2893,-0.0697,1370.4001
2021-04-21,-0.0981,9.6621,0.2890,-0.0707,1370.4001
2021-04-22,-0.0929,9.7942,0.2887,-0.0717,1370.4000
2021-04-23,-0.0892,9.8965,0.2883,-0.0728,1370.3999
2021-04-24,-0.0872,9.9691,0.2879,-0.0738,1370.3997
2021-04-25,-0.0869,10.0804,0.2874,-0.0748,1370.3995
2021-04-26,-0.0869,10.2820,0.2869,-0.0758,1370.3992
2021-04-27,-0.0839,10.5315,0.2864,-0.0767,1370.3988
2021-04-28,-0.0789,10.7634,0.2858,-0.0777,1370.3984
2021-04-29,-0.0733,10.9337,0.2853,-0.0787,1370.3978
2021-04-30,-0.0699,11.1005,0.2846,-0.0796,1370.3972
2021-05-01,-0.0716,11.3801,0.2840,-0.0806,1370.3966
2021-05-02,-0.0662,11.6225,0.2833,-0.0815,1370.3958
2021-05-03,-0.0661,11.7987,0.2827,-0.0824,1370.3950
2021-05-04,-0.0645,11.9297,0.2820,-0.0833,1370.3940
2021-05-05,-0.0630,12.0571,0.2813,-0.0842,1370.3930
2021-05-06,-0.0610,12.1937,0.2806,-0.0851,1370.3918
2021-05-07,-0.0593,12.3931,0.2799,-0.0859,1370.3906
2021-05-08,-0.0576,12.6972,0.2792,-0.0868,1370.3893
2021-05-09,-0.0541,12.8936,0.2785,-0.0877,1370.3878
2021-05-10,-0.0524,13.0366,0.2778,-0.0885,1370.3862
2021-05-11,-0.0491,13.2598,0.2771,-0.0893,1370.3846
2021-05-12,-0.0491,13.3327,0.2764,-0.0901,1370.3827
2021-05-13,-0.0437,13.4577,0.2757,-0.0910,1370.3809
2021-05-14,-0.0423,13.6671,0.2751,-0.0917,1370.3788
2021-05-15,-0.0389,13.8687,0.2744,-0.0925,1370.3766
2021-05-16,-0.0404,14.1314,0.2738,-0.0933,1370.3743
2021-05-17,-0.0403,14.4859,0.2732,-0.0941,1370.3718
2021-05-18,-0.0420,14.8502,0.2725,-0.0948,1370.3693
2021-05-19,-0.0405,15.2009,0.2717,-0.0956,1370.3665
2021-05-20,-0.0370,15.5157,0.2710,-0.0963,1370.3637
2021-05-21,-0.0335,15.7544,0.2702,-0.0970,1370.3606
2021-05-22,-0.0337,16.0385,0.2694,-0.0977,1370.3575
2021-05-23,-0.0337,16.2972,0.2685,-0.0984,1370.3542
2021-05-24,-0.0285,16.5556,0.2676,-0.0991,1370.3507
2021-05-25,-0.0250,16.7834,0.2667,-0.0998,1370.3471
2021-05-26,-0.0192,16.8840,0.2658,-0.1005,1370.3433
2021-05-27,-0.0189,16.9797,0.2649,-0.1011,1370.3394
2021-05-28,-0.0189,17.2646,0.2640,-0.1018,1370.3352
2021-05-29,-0.0209,17.5421,0.2631,-0.1024,1370.3311
2021-05-30,-0.0160,17.7756,0.2622,-0.1031,1370.3268
2021-05-31,-0.0112,17.9453,0.2613,-0.1037,1370.3222
2021-06-01,-0.0131,18.0072,0.2604,-0.1043,1370.3176
2021-06-02,-0.0071,18.0631,0.2595,-0.1049,1370.3126
2021-06-03,-0.0044,18.2639,0.2587,-0.1055,1370.3077
2021-06-04,-0.0005,18.5295,0.2579,-0.1060,1370.3024
2021-06-05,-0.0031,18.7614,0.2571,-0.1066,1370.2972
2021-06-06,-0.0022,18.9647,0.2564,-0.1072,1370.2918
2021-06-07,-0.0039,19.1197,0.2557,-0.1077,1370.2860
2021-06-08,0.0008,19.3017,0.2550,-0.1082,1370.2803
2021-06-09,0.0039,19.6249,0.2544,-0.1088,1370.2741
2021-06-10,0.0039,19.9337,0.2539,-0.1093,1370.2681
2021-06-11,0.0051,20.2351,0.2534,-0.1098,1370.2616
2021-06-12,0.0112,20.5465,0.2529,-0.1103,1370.2553
2021-06-13,0.0131,20.8019,0.2525,-0.1108,1370.2487
2021-06-14,0.0161,20.9286,0.2523,-0.1112,1370.2417
2021-06-15,0.0179,21.0188,0.2520,-0.1117,1370.2349
2021-06-16,0.0196,21.1366,0.2519,-0.1122,1370.2275
2021-06-17,0.0193,21.2607,0.2517,-0.1126,1370.2203
2021-06-18,0.0213,21.4379,0.2515,-0.1130,1370.2126
2021-06-19,0.0248,21.5867,0.2514,-0.1134,1370.2051
2021-06-20,0.0292,21.6669,0.2512,-0.1139,1370.1974
2021-06-21,0.0387,21.8309,0.2510,-0.1143,1370.1892
2021-06-22,0.0405,22.1251,0.2509,-0.1147,1370.1812
2021-06-23,0.0484,22.4019,0.2508,-0.1150,1370.1727
2021-06-24,0.0503,22.6769,0.2506,-0.1154,1370.1645
2021-06-25,0.0520,22.9245,0.2505,-0.1158,1370.1558
2021-06-26,0.0568,23.0874,0.2504,-0.1161,1370.1473
2021-06-27,0.0635,23.2122,0.2502,-0.1165,1370.1388
2021-06-28,0.0637,23.3202,0.2501,-0.1168,1370.1297
2021-06-29,0.0709,23.4286,0.2500,-0.1171,1370.1210
2021-06-30,0.0721,23.5252,0.2499,-0.1174,1370.1118
2021-07-01,0.0718,23.6181,0.2498,-0.1177,1370.1029
2021-07-02,0.0691,23.6994,0.2497,-0.1180,1370.0936
2021-07-03,0.0723,23.7482,0.2496,-0.1183,1370.0847
2021-07-04,0.0753,23.7609,0.2495,-0.1186,1370.0757
2021-07-05,0.0757,23.7726,0.2494,-0.1188,1370.0662
2021-07-06,0.0743,23.7779,0.2493,-0.1191,1370.0572
2021-07-07,0.0696,23.8215,0.2493,-0.1193,1370.0477
2021-07-08,0.0683,23.8051,0.2492,-0.1196,1370.0386
2021-07-09,0.0716,23.8121,0.2492,-0.1198,1370.0291
2021-07-10,0.0702,23.8696,0.2491,-0.1200,1370.0201
2021-07-11,0.0751,23.9224,0.2491,-0.1202,1370.0110
2021-07-12,0.0753,24.0763,0.2491,-0.1204,1370.0016
2021-07-13,0.0787,24.1992,0.2490,-0.1206,1369.9926
2021-07-14,0.0804,24.2696,0.2490,-0.1208,1369.9832
2021-07-15,0.0820,24.3186,0.2490,-0.1209,1369.9743
2021-07-16,0.0864,24.3543,0.2490,-0.1211,1369.9651
2021-07-17,0.0932,24.3503,0.2491,-0.1213,1369.9564
2021-07-18,0.0927,24.3057,0.2492,-0.1214,1369.9477
2021-07-19,0.0911,24.2975,0.2494,-0.1215,1369.9387
2021-07-20,0.0899,24.1888,0.2497,-0.1216,1369.9302
2021-07-21,0.0915,23.9839,0.2500,-0.1218,1369.9214
2021-07-22,0.0933,23.8355,0.2504,-0.1219,1369.9131
2021-07-23,0.0965,23.7549,0.2508,-0.1220,1369.9045
2021-07-24,0.0934,23.7096,0.2512,-0.1220,1369.8965
2021-07-25,0.0934,23.6767,0.2517,-0.1221,1369.8885
2021-07-26,0.0903,23.7067,0.2522,-0.1222,1369.8804
2021-07-27,0.0936,23.7413,0.2528,-0.1222,1369.8728
2021-07-28,0.0939,23.7360,0.2534,-0.1223,1369.8650
2021-07-29,0.0956,23.7177,0.2539,-0.1223,1369.8577
2021-07-30,0.0938,23.6804,0.2545,-0.1224,1369.8502
2021-07-31,0.0956,23.6698,0.2551,-0.1224,1369.8433
2021-08-01,0.0971,23.7281,0.2557,-0.1224,1369.8365
2021-08-02,0.0974,23.7390,0.2563,-0.1224,1369.8297
2021-08-03,0.0960,23.6579,0.2569,-0.1224,1369.8234
2021-08-04,0.0960,23.5890,0.2574,-0.1224,1369.8170
2021-08-05,0.0974,23.4906,0.2579,-0.1224,1369.8111
2021-08-06,0.0989,23.4075,0.2585,-0.1224,1369.8052
2021-08-07,0.1054,23.3346,0.2589,-0.1223,1369.7998
2021-08-08,0.1057,23.2546,0.2594,-0.1223,1369.7946
2021-08-09,0.1058,23.1425,0.2598,-0.1222,1369.7895
2021-08-10,0.1105,23.0259,0.2601,-0.1222,1369.7848
2021-08-11,0.1119,22.9414,0.2604,-0.1221,1369.7803
2021-08-12,0.1135,22.8630,0.2607,-0.1220,1369.7762
2021-08-13,0.1163,22.7328,0.2608,-0.1219,1369.7723
2021-08-14,0.1178,22.6641,0.2610,-0.1218,1369.7688
2021-08-15,0.1188,22.6213,0.2610,-0.1217,1369.7656
2021-08-16,0.1249,22.5567,0.2610,-0.1216,1369.7626
2021-08-17,0.1311,22.5103,0.2608,-0.1215,1369.7601
2021-08-18,0.1289,22.4232,0.2607,-0.1214,1369.7578
2021-08-19,0.1335,22.3175,0.2604,-0.1212,1369.7559
2021-08-20,0.1328,22.2223,0.2601,-0.1211,1369.7543
2021-08-21,0.1262,22.0934,0.2597,-0.1209,1369.7529
2021-08-22,0.1233,21.8521,0.2593,-0.1208,1369.7518
2021-08-23,0.1217,21.6678,0.2588,-0.1206,1369.7509
2021-08-24,0.1246,21.5449,0.2583,-0.1205,1369.7502
2021-08-25,0.1198,21.3964,0.2577,-0.1203,1369.7497
2021-08-26,0.1195,21.2443,0.2572,-0.1201,1369.7493
2021-08-27,0.1126,21.1607,0.2565,-0.1199,1369.7490
2021-08-28,0.1145,21.1069,0.2559,-0.1197,1369.7489
2021-08-29,0.1144,21.0304,0.2553,-0.1195,1369.7488
2021-08-30,0.1128,20.8864,0.2547,-0.1193,1369.7487
2021-08-31,0.1183,20.6515,0.2540,-0.1190,1369.7487
2021-09-01,0.1240,20.4241,0.2534,-0.1188,1369.7487
2021-09-02,0.1240,20.2465,0.2528,-0.1186,1369.7486
2021-09-03,0.1145,20.0932,0.2521,-0.1183,1369.7485
2021-09-04,0.1161,19.9347,0.2516,-0.1181,1369.7483
2021-09-05,0.1161,19.7918,0.2510,-0.1178,1369.7480
2021-09-06,0.1227,19.5949,0.2505,-0.1176,1369.7476
2021-09-07,0.1219,19.4483,0.2500,-0.1173,1369.7471
2021-09-08,0.1189,19.3152,0.2495,-0.1170,1369.7463
2021-09-09,0.1189,19.1111,0.2491,-0.1167,1369.7454
2021-09-10,0.1271,18.8461,0.2488,-0.1164,1369.7442
2021-09-11,0.1240,18.5848,0.2485,-0.1161,1369.7428
2021-09-12,0.1240,18.3352,0.2482,-0.1158,1369.7411
2021-09-13,0.1242,17.9160,0.2481,-0.1155,1369.7391
2021-09-14,0.1261,17.5333,0.2480,-0.1152,1369.7369
2021-09-15,0.1248,17.1548,0.2480,-0.1149,1369.7341
2021-09-16,0.1184,16.8152,0.2480,-0.1145,1369.7312
2021-09-17,0.1170,16.5402,0.2481,-0.1142,1369.7277
2021-09-18,0.1105,16.2843,0.2482,-0.1139,1369.7239
2021-09-19,0.1104,16.0910,0.2483,-0.1135,1369.7198
2021-09-20,0.1105,15.9880,0.2485,-0.1132,1369.7152
2021-09-21,0.1089,15.8421,0.2487,-0.1128,1369.7105
2021-09-22,0.1123,15.6889,0.2489,-0.1124,1369.7054
2021-09-23,0.1072,15.5258,0.2491,-0.1121,1369.7002
2021-09-24,0.1056,15.3255,0.2493,-0.1117,1369.6945
2021-09-25,0.0990,15.1506,0.2496,-0.1113,1369.6890
2021-09-26,0.0958,14.9514,0.2499,-0.1109,1369.6833
2021-09-27,0.0992,14.6491,0.2502,-0.1105,1369.6772
2021-09-28,0.0992,14.3948,0.2505,-0.1101,1369.6713
2021-09-29,0.1042,14.1795,0.2509,-0.1097,1369.6651
2021-09-30,0.0977,13.9717,0.2512,-0.1093,1369.6591
2021-10-01,0.0945,13.7638,0.2516,-0.1089,1369.6528
2021-10-02,0.0928,13.6041,0.2519,-0.1085,1369.6469
2021-10-03,0.0928,13.4922,0.2523,-0.1081,1369.6410
2021-10-04,0.0911,13.3113,0.2527,-0.1076,1369.6349
2021-10-05,0.0911,13.1110,0.2531,-0.1072,1369.6292
2021-10-06,0.0879,12.9476,0.2535,-0.1067,1369.6234
2021-10-07,0.0763,12.7726,0.2539,-0.1063,1369.6181
2021-10-08,0.0698,12.6105,0.2543,-0.1058,1369.6127
2021-10-09,0.0698,12.4318,0.2547,-0.1054,1369.6078
2021-10-10,0.0604,12.1968,0.2551,-0.1049,1369.6032
2021-10-11,0.0621,11.9562,0.2555,-0.1045,1369.5986
2021-10-12,0.0505,11.6702,0.2559,-0.1040,1369.5946
2021-10-13,0.0488,11.4234,0.2563,-0.1035,1369.5908
2021-10-14,0.0410,11.1921,0.2567,-0.1030,1369.5875
2021-10-15,0.0330,10.9723,0.2570,-0.1026,1369.5845
2021-10-16,0.0349,10.7940,0.2574,-0.1021,1369.5820
2021-10-17,0.0285,10.6465,0.2578,-0.1016,1369.5801
2021-10-18,0.0271,10.4827,0.2582,-0.1011,1369.5785
2021-10-19,0.0192,10.1657,0.2587,-0.1006,1369.5776
2021-10-20,0.0181,9.9256,0.2591,-0.1001,1369.5770
2021-10-21,0.0138,9.8220,0.2595,-0.0996,1369.5769
2021-10-22,0.0142,9.6930,0.2600,-0.0991,1369.5773
2021-10-23,0.0092,9.4857,0.2605,-0.0986,1369.5780
2021-10-24,0.0063,9.2457,0.2610,-0.0980,1369.5791
2021-10-25,0.0065,9.0736,0.2615,-0.0975,1369.5806
2021-10-26,0.0023,8.7849,0.2620,-0.0970,1369.5824
2021-10-27,-0.0001,8.4614,0.2625,-0.0965,1369.5845
2021-10-28,-0.0049,8.1545,0.2630,-0.0959,1369.5869
2021-10-29,-0.0041,7.8582,0.2635,-0.0954,1369.5897
2021-10-30,-0.0082,7.6942,0.2640,-0.0949,1369.5925
2021-10-31,-0.0096,7.6669,0.2646,-0.0943,1369.5956
2021-11-01,-0.0145,7.5974,0.2651,-0.0938,1369.5991
2021-11-02,-0.0180,7.4889,0.2656,-0.0932,1369.6025
2021-11-03,-0.0138,7.3737,0.2662,-0.0927,1369.6063
2021-11-04,-0.0120,7.2205,0.2667,-0.0921,1369.6101
2021-11-05,-0.0136,7.0447,0.2672,-0.0916,1369.6141
2021-11-06,-0.0141,6.8863,0.2678,-0.0910,1369.6181
2021-11-07,-0.0141,6.6960,0.2683,-0.0904,1369.6221
2021-11-08,-0.0100,6.5442,0.2688,-0.0899,1369.6264
2021-11-09,-0.0133,6.4340,0.2693,-0.0893,1369.6305
2021-11-10,-0.0203,6.3052,0.2699,-0.0887,1369.6348
2021-11-11,-0.0209,6.0174,0.2704,-0.0882,1369.6389
2021-11-12,-0.0206,5.7364,0.2709,-0.0876,1369.6431
2021-11-13,-0.0269,5.7623,0.2714,-0.0870,1369.6471
2021-11-14,-0.0360,5.7743,0.2718,-0.0864,1369.6510
2021-11-15,-0.0402,5.7657,0.2723,-0.0859,1369.6550
2021-11-16,-0.0404,5.6154,0.2728,-0.0853,1369.6587
2021-11-17,-0.0382,5.4141,0.2733,-0.0847,1369.6624
2021-11-18,-0.0321,5.1445,0.2737,-0.0841,1369.6658
2021-11-19,-0.0303,4.9120,0.2742,-0.0835,1369.6692
2021-11-20,-0.0305,4.7831,0.2746,-0.0829,1369.6722
2021-11-21,-0.0324,4.6703,0.2751,-0.0823,1369.6752
2021-11-22,-0.0355,4.4888,0.2755,-0.0817,1369.6782
2021-11-23,-0.0308,4.3138,0.2760,-0.0811,1369.6809
2021-11-24,-0.0369,4.2322,0.2764,-0.0805,1369.6835
2021-11-25,-0.0383,4.1448,0.2769,-0.0800,1369.6860
2021-11-26,-0.0419,4.0387,0.2773,-0.0794,1369.6884
2021-11-27,-0.0497,3.9640,0.2778,-0.0788,1369.6907
2021-11-28,-0.0502,3.8494,0.2782,-0.0781,1369.6928
2021-11-29,-0.0514,3.6785,0.2786,-0.0775,1369.6949
2021-11-30,-0.0599,3.4790,0.2791,-0.0769,1369.6969
2021-12-01,-0.0667,3.3007,0.2795,-0.0763,1369.6988
2021-12-02,-0.0647,3.0410,0.2800,-0.0757,1369.7005
2021-12-03,-0.0640,2.6557,0.2804,-0.0751,1369.7023
2021-12-04,-0.0606,2.3481,0.2809,-0.0745,1369.7039
2021-12-05,-0.0601,2.1960,0.2813,-0.0739,1369.7054
2021-12-06,-0.0584,2.0561,0.2818,-0.0733,1369.7070
2021-12-07,-0.0575,1.9448,0.2823,-0.0727,1369.7084
2021-12-08,-0.0579,1.8195,0.2827,-0.0721,1369.7098
2021-12-09,-0.0579,1.7342,0.2832,-0.0715,1369.7111
2021-12-10,-0.0591,1.6122,0.2837,-0.0709,1369.7124
2021-12-11,-0.0649,1.4374,0.2841,-0.0702,1369.7136
2021-12-12,-0.0694,1.3044,0.2846,-0.0696,1369.7148
2021-12-13,-0.0657,1.1835,0.2851,-0.0690,1369.7160
2021-12-14,-0.0676,1.0868,0.2856,-0.0684,1369.7171
2021-12-15,-0.0667,0.9995,0.2861,-0.0678,1369.7182
2021-12-16,-0.0689,0.8509,0.2866,-0.0672,1369.7193
2021-12-17,-0.0751,0.6551,0.2872,-0.0666,1369.7204
2021-12-18,-0.0795,0.4920,0.2878,-0.0660,1369.7214
2021-12-19,-0.0777,0.4756,0.2885,-0.0654,1369.7225
2021-12-20,-0.0728,0.4421,0.2891,-0.0647,1369.7235
2021-12-21,-0.0734,0.2764,0.2898,-0.0641,1369.7246
2021-12-22,-0.0720,0.2186,0.2905,-0.0635,1369.7256
2021-12-23,-0.0764,0.2067,0.2913,-0.0629,1369.7266
2021-12-24,-0.0741,0.1289,0.2920,-0.0623,1369.7276
2021-12-25,-0.0848,-0.0066,0.2927,-0.0617,1369.7286
2021-12-26,-0.0834,0.0361,0.2935,-0.0611,1369.7296
2021-12-27,-0.0845,-0.0123,0.2942,-0.0605,1369.7306
2021-12-28,-0.0876,-0.1006,0.2950,-0.0599,1369.7316
2021-12-29,-0.0901,-0.2096,0.2957,-0.0593,1369.7326
2021-12-30,-0.0963,-0.3464,0.2964,-0.0587,1369.7335
2021-12-31,-0.0997,-0.4869,0.2971,-0.0581,1369.7345
2022-01-01,-0.0995,-0.5787,0.2978,-0.0575,1369.7355
2022-01-02,-0.0984,-0.5888,0.2985,-0.0569,1369.7364
2022-01-03,-0.1043,-0.7639,0.2991,-0.0563,1369.7374
2022-01-04,-0.1007,-0.9770,0.2997,-0.0557,1369.7383
2022-01-05,-0.1036,-1.1804,0.3003,-0.0551,1369.7393
2022-01-06,-0.1035,-1.3360,0.3008,-0.0545,1369.7402
2022-01-07,-0.1012,-1.3990,0.3013,-0.0539,1369.7412
2022-01-08,-0.1046,-1.4938,0.3017,-0.0533,1369.7421
2022-01-09,-0.1060,-1.5751,0.3021,-0.0527,1369.7431
2022-01-10,-0.1105,-1.5518,0.3024,-0.0521,1369.7440
2022-01-11,-0.1123,-1.3670,0.3026,-0.0515,1369.7449
2022-01-12,-0.1112,-1.1795,0.3028,-0.0509,1369.7459
2022-01-13,-0.1116,-1.1308,0.3029,-0.0503,1369.7468
2022-01-14,-0.1080,-1.1290,0.3030,-0.0498,1369.7478
2022-01-15,-0.1064,-1.0921,0.3030,-0.0492,1369.7487
2022-01-16,-0.1176,-0.8964,0.3030,-0.0486,1369.7497
2022-01-17,-0.1247,-0.7220,0.3030,-0.0480,1369.7506
2022-01-18,-0.1261,-0.6318,0.3030,-0.0474,1369.7516
2022-01-19,-0.1362,-0.5498,0.3030,-0.0469,1369.7526
2022-01-20,-0.1466,-0.5237,0.3030,-0.0463,1369.7535
2022-01-21,-0.1536,-0.4834,0.3030,-0.0457,1369.7545
2022-01-22,-0.1586,-0.3969,0.3030,-0.0452,1369.7555
2022-01-23,-0.1598,-0.4403,0.3030,-0.0446,1369.7566
2022-01-24,-0.1511,-0.5530,0.3030,-0.0440,1369.7577
2022-01-25,-0.1461,-0.8051,0.3030,-0.0435,1369.7588
2022-01-26,-0.1425,-1.0517,0.3030,-0.0429,1369.7599
2022-01-27,-0.1368,-1.2029,0.3030,-0.0424,1369.7611
2022-01-28,-0.1406,-1.3381,0.3030,-0.0418,1369.7624
2022-01-29,-0.1381,-1.3957,0.3030,-0.0413,1369.7637
2022-01-30,-0.1340,-1.3566,0.3030,-0.0407,1369.7650
2022-01-31,-0.1340,-1.2936,0.3030,-0.0402,1369.7664
2022-02-01,-0.1314,-1.0969,0.3030,-0.0396,1369.7679
2022-02-02,-0.1387,-0.7436,0.3030,-0.0391,1369.7695
2022-02-03,-0.1560,-0.4902,0.3030,-0.0386,1369.7711
2022-02-04,-0.1588,-0.4547,0.3030,-0.0380,1369.7728
2022-02-05,-0.1620,-0.5121,0.3030,-0.0375,1369.7746
2022-02-06,-0.1619,-0.6386,0.3030,-0.0370,1369.7764
2022-02-07,-0.1594,-0.7411,0.3030,-0.0365,1369.7785
2022-02-08,-0.1598,-0.7939,0.3030,-0.0359,1369.7805
2022-02-09,-0.1578,-0.9033,0.3030,-0.0354,1369.7827
2022-02-10,-0.1579,-0.9068,0.3030,-0.0349,1369.7849
2022-02-11,-0.1584,-0.8184,0.3030,-0.0344,1369.7874
2022-02-12,-0.1755,-0.7003,0.3030,-0.0339,1369.7898
2022-02-13,-0.1800,-0.6619,0.3030,-0.0334,1369.7924
2022-02-14,-0.1770,-0.5663,0.3030,-0.0329,1369.7952
2022-02-15,-0.1753,-0.5079,0.3030,-0.0324,1369.7980
2022-02-16,-0.1696,-0.4505,0.3031,-0.0319,1369.8011
2022-02-17,-0.1729,-0.3548,0.3032,-0.0314,1369.8041
2022-02-18,-0.1770,-0.2245,0.3033,-0.0309,1369.8075
2022-02-19,-0.1818,-0.1983,0.3035,-0.0304,1369.8108
2022-02-20,-0.1841,-0.1683,0.3037,-0.0300,1369.8142
2022-02-21,-0.1821,-0.0994,0.3039,-0.0295,1369.8179
2022-02-22,-0.1809,0.0024,0.3041,-0.0290,1369.8215
2022-02-23,-0.1779,0.2116,0.3044,-0.0285,1369.8253
2022-02-24,-0.1755,0.4884,0.3046,-0.0281,1369.8291
2022-02-25,-0.1727,0.7206,0.3049,-0.0276,1369.8331
2022-02-26,-0.1756,1.0145,0.3052,-0.0272,1369.8370
2022-02-27,-0.1748,1.2490,0.3055,-0.0267,1369.8410
2022-02-28,-0.1732,1.4512,0.3057,-0.0263,1369.8452
2022-03-01,-0.1691,1.6598,0.3060,-0.0258,1369.8493
2022-03-02,-0.1684,1.8194,0.3063,-0.0254,1369.8536
2022-03-03,-0.1679,1.9658,0.3066,-0.0249,1369.8577
2022-03-04,-0.1674,2.0924,0.3069,-0.0245,1369.8621
2022-03-05,-0.1696,2.3004,0.3072,-0.0241,1369.8663
2022-03-06,-0.1699,2.6145,0.3075,-0.0236,1369.8705
2022-03-07,-0.1725,2.8235,0.3077,-0.0232,1369.8748
2022-03-08,-0.1748,2.9509,0.3080,-0.0228,1369.8790
2022-03-09,-0.1720,3.0874,0.3082,-0.0224,1369.8834
2022-03-10,-0.1744,3.3059,0.3084,-0.0220,1369.8876
2022-03-11,-0.1740,3.4647,0.3086,-0.0215,1369.8919
2022-03-12,-0.1756,3.5001,0.3087,-0.0211,1369.8960
2022-03-13,-0.1757,3.5802,0.3088,-0.0207,1369.9001
2022-03-14,-0.1734,3.5034,0.3089,-0.0203,1369.9043
2022-03-15,-0.1716,3.4740,0.3090,-0.0200,1369.9083
2022-03-16,-0.1743,3.5593,0.3090,-0.0196,1369.9124
2022-03-17,-0.1733,3.6629,0.3090,-0.0192,1369.9162
2022-03-18,-0.1666,3.7148,0.3090,-0.0188,1369.9202
2022-03-19,-0.1660,3.8157,0.3090,-0.0184,1369.9239
2022-03-20,-0.1672,4.0323,0.3089,-0.0181,1369.9275
2022-03-21,-0.1551,4.2498,0.3089,-0.0177,1369.9312
2022-03-22,-0.1498,4.4209,0.3089,-0.0173,1369.9346
2022-03-23,-0.1475,4.6281,0.3088,-0.0170,1369.9380
2022-03-24,-0.1461,4.6190,0.3088,-0.0166,1369.9412
2022-03-25,-0.1465,4.7226,0.3087,-0.0163,1369.9444
2022-03-26,-0.1330,4.8405,0.3086,-0.0159,1369.9473
2022-03-27,-0.1479,5.1420,0.3085,-0.0156,1369.9501
2022-03-28,-0.1470,5.5485,0.3085,-0.0152,1369.9529
2022-03-29,-0.1508,5.9419,0.3084,-0.0149,1369.9553
2022-03-30,-0.1497,6.2948,0.3083,-0.0146,1369.9577
2022-03-31,-0.1490,6.5174,0.3082,-0.0143,1369.9599
2022-04-01,-0.1500,6.7032,0.3081,-0.0139,1369.9619
2022-04-02,-0.1484,6.7650,0.3080,-0.0136,1369.9636
2022-04-03,-0.1494,6.8098,0.3078,-0.0133,1369.9652
2022-04-04,-0.1489,6.7643,0.3077,-0.0130,1369.9666
2022-04-05,-0.1453,6.7871,0.3076,-0.0127,1369.9677
2022-04-06,-0.1420,6.9878,0.3075,-0.0124,1369.9687
2022-04-07,-0.1403,7.3569,0.3073,-0.0121,1369.9694
2022-04-08,-0.1382,7.6761,0.3072,-0.0118,1369.9698
2022-04-09,-0.1368,7.8796,0.3070,-0.0115,1369.9700
2022-04-10,-0.1387,7.9507,0.3069,-0.0112,1369.9699
2022-04-11,-0.1372,8.1858,0.3067,-0.0110,1369.9696
2022-04-12,-0.1357,8.3678,0.3066,-0.0107,1369.9690
2022-04-13,-0.1366,8.4462,0.3064,-0.0104,1369.9681
2022-04-14,-0.1374,8.5584,0.3063,-0.0102,1369.9669
2022-04-15,-0.1374,8.7725,0.3061,-0.0099,1369.9654
2022-04-16,-0.1325,8.9476,0.3059,-0.0096,1369.9637
2022-04-17,-0.1341,9.2143,0.3057,-0.0094,1369.9616
2022-04-18,-0.1305,9.4466,0.3054,-0.0091,1369.9591
2022-04-19,-0.1274,9.6523,0.3051,-0.0089,1369.9564
2022-04-20,-0.1259,9.8004,0.3048,-0.0087,1369.9533
2022-04-21,-0.1248,9.8397,0.3044,-0.0084,1369.9500
2022-04-22,-0.1247,9.9352,0.3040,-0.0082,1369.9463
2022-04-23,-0.1215,10.0878,0.3035,-0.0080,1369.9426
2022-04-24,-0.1186,10.1636,0.3030,-0.0077,1369.9387
2022-04-25,-0.1182,10.2073,0.3025,-0.0075,1369.9344
2022-04-26,-0.1139,10.2344,0.3019,-0.0073,1369.9301
2022-04-27,-0.1068,10.3102,0.3014,-0.0071,1369.9255
2022-04-28,-0.0977,10.4580,0.3008,-0.0069,1369.9210
2022-04-29,-0.0933,10.5596,0.3001,-0.0067,1369.9161
2022-04-30,-0.0968,10.5784,0.2995,-0.0065,1369.9115
2022-05-01,-0.0970,10.5601,0.2988,-0.0063,1369.9067
2022-05-02,-0.0922,10.6072,0.2982,-0.0061,1369.9018
2022-05-03,-0.0897,10.7063,0.2974,-0.0059,1369.8970
2022-05-04,-0.0851,10.8149,0.2967,-0.0057,1369.8921
2022-05-05,-0.0757,11.0226,0.2960,-0.0055,1369.8874
2022-05-06,-0.0709,11.1665,0.2953,-0.0053,1369.8826
2022-05-07,-0.0659,11.4087,0.2946,-0.0052,1369.8780
2022-05-08,-0.0627,11.6819,0.2938,-0.0050,1369.8736
2022-05-09,-0.0627,11.9074,0.2931,-0.0048,1369.8692
2022-05-10,-0.0545,12.0794,0.2923,-0.0047,1369.8650
2022-05-11,-0.0560,12.3358,0.2916,-0.0045,1369.8609
2022-05-12,-0.0528,12.7001,0.2909,-0.0044,1369.8572
2022-05-13,-0.0497,13.0243,0.2901,-0.0042,1369.8535
2022-05-14,-0.0480,13.4749,0.2894,-0.0041,1369.8503
2022-05-15,-0.0463,13.7087,0.2887,-0.0039,1369.8473
2022-05-16,-0.0398,13.8174,0.2880,-0.0038,1369.8444
2022-05-17,-0.0319,13.9146,0.2872,-0.0036,1369.8421
2022-05-18,-0.0306,14.1044,0.2865,-0.0035,1369.8399
2022-05-19,-0.0291,14.3165,0.2857,-0.0034,1369.8382
2022-05-20,-0.0241,14.4335,0.2849,-0.0032,1369.8368
2022-05-21,-0.0240,14.4829,0.2841,-0.0031,1369.8358
2022-05-22,-0.0255,14.5583,0.2832,-0.0030,1369.8350
2022-05-23,-0.0241,14.6059,0.2824,-0.0029,1369.8345
2022-05-24,-0.0209,14.8300,0.2815,-0.0028,1369.8343
2022-05-25,-0.0160,15.1060,0.2806,-0.0026,1369.8343
2022-05-26,-0.0192,15.3829,0.2797,-0.0025,1369.8345
2022-05-27,-0.0175,15.6184,0.2788,-0.0024,1369.8350
2022-05-28,-0.0123,15.7793,0.2779,-0.0023,1369.8356
2022-05-29,-0.0089,15.9494,0.2769,-0.0022,1369.8363
2022-05-30,-0.0056,16.1727,0.2760,-0.0021,1369.8372
2022-05-31,0.0009,16.4888,0.2750,-0.0020,1369.8382
2022-06-01,0.0104,16.7298,0.2741,-0.0019,1369.8392
2022-06-02,0.0150,16.9948,0.2732,-0.0019,1369.8403
2022-06-03,0.0163,17.2072,0.2723,-0.0018,1369.8415
2022-06-04,0.0224,17.4558,0.2714,-0.0017,1369.8427
2022-06-05,0.0227,17.6863,0.2704,-0.0016,1369.8439
2022-06-06,0.0312,17.8426,0.2695,-0.0015,1369.8451
2022-06-07,0.0347,17.8681,0.2686,-0.0015,1369.8462
2022-06-08,0.0396,17.9688,0.2678,-0.0014,1369.8473
2022-06-09,0.0425,18.1744,0.2669,-0.0013,1369.8482
2022-06-10,0.0490,18.4729,0.2661,-0.0012,1369.8491
2022-06-11,0.0543,18.7707,0.2653,-0.0012,1369.8498
2022-06-12,0.0561,19.0666,0.2645,-0.0011,1369.8504
2022-06-13,0.0566,19.3707,0.2637,-0.0011,1369.8508
2022-06-14,0.0633,19.5837,0.2630,-0.0010,1369.8510
2022-06-15,0.0668,19.7175,0.2623,-0.0009,1369.8510
2022-06-16,0.0666,19.8303,0.2616,-0.0009,1369.8507
2022-06-17,0.0648,19.9460,0.2609,-0.0008,1369.8502
2022-06-18,0.0665,20.1099,0.2602,-0.0008,1369.8494
2022-06-19,0.0703,20.2347,0.2594,-0.0007,1369.8483
2022-06-20,0.0733,20.3981,0.2587,-0.0007,1369.8470
2022-06-21,0.0749,20.7360,0.2579,-0.0007,1369.8454
2022-06-22,0.0848,21.0416,0.2572,-0.0006,1369.8434
2022-06-23,0.0829,21.2848,0.2565,-0.0006,1369.8413
2022-06-24,0.0798,21.5871,0.2557,-0.0005,1369.8388
2022-06-25,0.0782,21.7358,0.2550,-0.0005,1369.8362
2022-06-26,0.0786,21.8771,0.2542,-0.0005,1369.8334
2022-06-27,0.0788,21.9626,0.2535,-0.0004,1369.8302
2022-06-28,0.0818,22.0100,0.2527,-0.0004,1369.8269
2022-06-29,0.0833,22.1436,0.2520,-0.0004,1369.8232
2022-06-30,0.0881,22.3844,0.2513,-0.0003,1369.8194
2022-07-01,0.0914,22.6566,0.2507,-0.0003,1369.8153
2022-07-02,0.0944,22.8982,0.2500,-0.0003,1369.8111
2022-07-03,0.0915,23.0660,0.2494,-0.0003,1369.8068
2022-07-04,0.0884,23.1660,0.2488,-0.0003,1369.8020
2022-07-05,0.0867,23.2379,0.2482,-0.0002,1369.7973
2022-07-06,0.0852,23.3344,0.2477,-0.0002,1369.7921
2022-07-07,0.0852,23.3762,0.2472,-0.0002,1369.7870
2022-07-08,0.0837,23.4090,0.2468,-0.0002,1369.7815
2022-07-09,0.0853,23.4380,0.2464,-0.0002,1369.7761
2022-07-10,0.0901,23.4652,0.2460,-0.0001,1369.7705
2022-07-11,0.0979,23.4711,0.2457,-0.0001,1369.7645
2022-07-12,0.0997,23.4448,0.2454,-0.0001,1369.7587
2022-07-13,0.1016,23.3889,0.2452,-0.0001,1369.7524
2022-07-14,0.1016,23.3373,0.2451,-0.0001,1369.7462
2022-07-15,0.1018,23.4535,0.2450,-0.0001,1369.7396
2022-07-16,0.0989,23.5819,0.2450,-0.0001,1369.7332
2022-07-17,0.0976,23.6841,0.2450,-0.0001,1369.7267
2022-07-18,0.0992,23.6928,0.2451,-0.0001,1369.7197
2022-07-19,0.1009,23.6774,0.2451,-0.0001,1369.7130
2022-07-20,0.1009,23.7246,0.2452,-0.0000,1369.7058
2022-07-21,0.1027,23.8193,0.2453,-0.0000,1369.6988
2022-07-22,0.0997,23.9059,0.2454,-0.0000,1369.6915
2022-07-23,0.0996,23.9562,0.2456,-0.0000,1369.6844
2022-07-24,0.1014,24.0216,0.2457,-0.0000,1369.6772
2022-07-25,0.0981,24.0606,0.2459,-0.0000,1369.6696
2022-07-26,0.0997,24.0962,0.2460,-0.0000,1369.6622
2022-07-27,0.1014,24.0927,0.2462,-0.0000,1369.6545
2022-07-28,0.1047,24.0926,0.2464,-0.0000,1369.6470
2022-07-29,0.0965,24.0619,0.2466,-0.0000,1369.6392
2022-07-30,0.1048,24.0199,0.2468,-0.0000,1369.6316
2022-07-31,0.1032,23.9770,0.2470,-0.0000,1369.6240
2022-08-01,0.0982,23.9693,0.2472,-0.0000,1369.6161
2022-08-02,0.0982,23.9820,0.2474,-0.0000,1369.6084
2022-08-03,0.1033,24.0064,0.2476,-0.0000,1369.6004
2022-08-04,0.0966,24.0475,0.2478,-0.0000,1369.5927
2022-08-05,0.0967,24.1038,0.2479,-0.0000,1369.5847
2022-08-06,0.0961,24.1657,0.2481,-0.0000,1369.5770
2022-08-07,0.0950,24.2203,0.2483,-0.0000,1369.5693
2022-08-08,0.0934,24.2904,0.2484,-0.0000,1369.5613
2022-08-09,0.0951,24.3314,0.2486,-0.0000,1369.5536
2022-08-10,0.0967,24.3319,0.2487,-0.0000,1369.5456
2022-08-11,0.0950,24.2716,0.2488,-0.0000,1369.5379
2022-08-12,0.0916,24.1678,0.2489,-0.0000,1369.5300
2022-08-13,0.0997,24.0758,0.2489,-0.0000,1369.5224
2022-08-14,0.1046,23.9769,0.2490,-0.0000,1369.5149
2022-08-15,0.1097,23.8255,0.2490,-0.0000,1369.5071
2022-08-16,0.1082,23.6497,0.2490,-0.0000,1369.4997
2022-08-17,0.1066,23.4831,0.2490,-0.0000,1369.4920
