datetime,count
2008-01-01,120
2008-01-02,89
2008-01-03,146
2008-01-04,166
2008-01-05,94
2008-01-06,120
2008-01-07,119
2008-01-08,126
2008-01-09,104
2008-01-10,116
2008-01-11,219
2008-01-12,215
2008-01-13,159
2008-01-14,159
2008-01-15,113
2008-01-16,117
2008-01-17,101
2008-01-18,168
2008-01-19,105
2008-01-20,154
2008-01-21,128
2008-01-22,142
2008-01-23,131
2008-01-24,171
2008-01-25,124
2008-01-26,107
2008-01-27,100
2008-01-28,68
2008-01-29,144
2008-01-30,84
2008-01-31,82
2008-02-01,111
2008-02-02,98
2008-02-03,101
2008-02-04,102
2008-02-05,163
2008-02-06,175
2008-02-07,122
2008-02-08,124
2008-02-09,227
2008-02-10,129
2008-02-11,245
2008-02-12,277
2008-02-13,192
2008-02-14,155
2008-02-15,130
2008-02-16,143
2008-02-17,161
2008-02-18,147
2008-02-19,264
2008-02-20,185
2008-02-21,127
2008-02-22,175
2008-02-23,145
2008-02-24,139
2008-02-25,179
2008-02-26,257
2008-02-27,263
2008-02-28,173
2008-02-29,127
2008-03-01,121
2008-03-02,145
2008-03-03,134
2008-03-04,144
2008-03-05,109
2008-03-06,159
2008-03-07,200
2008-03-08,149
2008-03-09,173
2008-03-10,194
2008-03-11,125
2008-03-12,149
2008-03-13,145
2008-03-14,128
2008-03-15,158
2008-03-16,232
2008-03-17,324
2008-03-18,206
2008-03-19,170
2008-03-20,146
2008-03-21,147
2008-03-22,97
2008-03-23,202
2008-03-24,128
2008-03-25,121
2008-03-26,115
2008-03-27,105
2008-03-28,164
2008-03-29,141
2008-03-30,140
2008-03-31,216
2008-04-01,128
2008-04-02,159
2008-04-03,122
2008-04-04,175
2008-04-05,104
2008-04-06,119
2008-04-07,127
2008-04-08,122
2008-04-09,118
2008-04-10,177
2008-04-11,146
2008-04-12,130
2008-04-13,129
2008-04-14,125
2008-04-15,122
2008-04-16,133
2008-04-17,139
2008-04-18,229
2008-04-19,127
2008-04-20,136
2008-04-21,135
2008-04-22,207
2008-04-23,164
2008-04-24,137
2008-04-25,130
2008-04-26,91
2008-04-27,154
2008-04-28,142
2008-04-29,128
2008-04-30,145
2008-05-01,189
2008-05-02,179
2008-05-03,153
2008-05-04,144
2008-05-05,138
2008-05-06,138
2008-05-07,199
2008-05-08,125
2008-05-09,360
2008-05-10,201
2008-05-11,232
2008-05-12,171
2008-05-13,117
2008-05-14,77
2008-05-15,52
2008-05-16,131
2008-05-17,239
2008-05-18,252
2008-05-19,113
2008-05-20,159
2008-05-21,133
2008-05-22,158
2008-05-23,122
2008-05-24,134
2008-05-25,141
2008-05-26,139
2008-05-27,324
2008-05-28,181
2008-05-29,147
2008-05-30,190
2008-05-31,140
2008-06-01,176
2008-06-02,834
2008-06-03,609
2008-06-04,295
2008-06-05,210
2008-06-06,265
2008-06-07,252
2008-06-08,162
2008-06-09,242
2008-06-10,144
2008-06-11,133
2008-06-12,150
2008-06-13,119
2008-06-14,151
2008-06-15,185
2008-06-16,198
2008-06-17,216
2008-06-18,274
2008-06-19,129
2008-06-20,145
2008-06-21,144
2008-06-22,118
2008-06-23,110
2008-06-24,156
2008-06-25,177
2008-06-26,174
2008-06-27,179
2008-06-28,141
2008-06-29,165
2008-06-30,131
2008-07-01,153
2008-07-02,152
2008-07-03,154
2008-07-04,167
2008-07-05,123
2008-07-06,137
2008-07-07,132
2008-07-08,130
2008-07-09,150
2008-07-10,137
2008-07-11,141
2008-07-12,152
2008-07-13,168
2008-07-14,182
2008-07-15,229
2008-07-16,319
2008-07-17,162
2008-07-18,153
2008-07-19,140
2008-07-20,121
2008-07-21,170
2008-07-22,158
2008-07-23,99
2008-07-24,165
2008-07-25,111
2008-07-26,152
2008-07-27,137
2008-07-28,135
2008-07-29,315
2008-07-30,295
2008-07-31,219
2008-08-01,155
2008-08-02,151
2008-08-03,144
2008-08-04,145
2008-08-05,145
2008-08-06,173
2008-08-07,145
2008-08-08,102
2008-08-09,136
2008-08-10,133
2008-08-11,191
2008-08-12,167
2008-08-13,174
2008-08-14,127
2008-08-15,107
2008-08-16,112
2008-08-17,137
2008-08-18,132
2008-08-19,160
2008-08-20,161
2008-08-21,149
2008-08-22,110
2008-08-23,171
2008-08-24,128
2008-08-25,108
2008-08-26,145
2008-08-27,135
2008-08-28,140
2008-08-29,165
2008-08-30,170
2008-08-31,116
2008-09-01,136
2008-09-02,129
2008-09-03,129
2008-09-04,172
2008-09-05,194
2008-09-06,142
2008-09-07,164
2008-09-08,159
2008-09-09,183
2008-09-10,247
2008-09-11,200
2008-09-12,175
2008-09-13,237
2008-09-14,198
2008-09-15,166
2008-09-16,115
2008-09-17,177
2008-09-18,118
2008-09-19,158
2008-09-20,145
2008-09-21,173
2008-09-22,122
2008-09-23,177
2008-09-24,151
2008-09-25,172
2008-09-26,137
2008-09-27,144
2008-09-28,155
2008-09-29,249
2008-09-30,237
2008-10-01,250
2008-10-02,221
2008-10-03,138
2008-10-04,145
2008-10-05,174
2008-10-06,142
2008-10-07,165
2008-10-08,135
2008-10-09,146
2008-10-10,196
2008-10-11,143
2008-10-12,170
2008-10-13,137
2008-10-14,126
2008-10-15,149
2008-10-16,148
2008-10-17,149
2008-10-18,63
2008-10-19,126
2008-10-20,141
2008-10-21,248
2008-10-22,112
2008-10-23,155
2008-10-24,133
2008-10-25,229
2008-10-26,155
2008-10-27,164
2008-10-28,132
2008-10-29,167
2008-10-30,599
2008-10-31,220
2008-11-01,246
2008-11-02,205
2008-11-03,159
2008-11-04,153
2008-11-05,114
2008-11-06,129
2008-11-07,154
2008-11-08,179
2008-11-09,108
2008-11-10,168
2008-11-11,154
2008-11-12,203
2008-11-13,179
2008-11-14,271
2008-11-15,172
2008-11-16,134
2008-11-17,247
2008-11-18,187
2008-11-19,225
2008-11-20,145
2008-11-21,157
2008-11-22,158
2008-11-23,231
2008-11-24,262
2008-11-25,253
2008-11-26,176
2008-11-27,241
2008-11-28,152
2008-11-29,253
2008-11-30,439
2008-12-01,425
2008-12-02,603
2008-12-03,470
2008-12-04,312
2008-12-05,323
2008-12-06,332
2008-12-07,263
2008-12-08,237
2008-12-09,157
2008-12-10,216
2008-12-11,231
2008-12-12,235
2008-12-13,213
2008-12-14,304
2008-12-15,227
2008-12-16,196
2008-12-17,188
2008-12-18,178
2008-12-19,163
2008-12-20,162
2008-12-21,170
2008-12-22,125
2008-12-23,162
2008-12-24,147
2008-12-25,127
2008-12-26,138
2008-12-27,139
2008-12-28,137
2008-12-29,166
2008-12-30,139
2008-12-31,140
2009-01-01,165
2009-01-02,191
2009-01-03,180
2009-01-04,183
2009-01-05,155
2009-01-06,184
2009-01-07,175
2009-01-08,218
2009-01-09,192
2009-01-10,147
2009-01-11,137
2009-01-12,139
2009-01-13,108
2009-01-14,177
2009-01-15,135
2009-01-16,156
2009-01-17,150
2009-01-18,178
2009-01-19,195
2009-01-20,138
2009-01-21,219
2009-01-22,171
2009-01-23,141
2009-01-24,104
2009-01-25,137
2009-01-26,142
2009-01-27,112
2009-01-28,125
2009-01-29,114
2009-01-30,145
2009-01-31,166
2009-02-01,284
2009-02-02,125
2009-02-03,145
2009-02-04,109
2009-02-05,142
2009-02-06,115
2009-02-07,174
2009-02-08,132
2009-02-09,107
2009-02-10,134
2009-02-11,139
2009-02-12,115
2009-02-13,158
2009-02-14,199
2009-02-15,120
2009-02-16,210
2009-02-17,171
2009-02-18,176
2009-02-19,145
2009-02-20,161
2009-02-21,154
2009-02-22,148
2009-02-23,223
2009-02-24,156
2009-02-25,153
2009-02-26,149
2009-02-27,148
2009-02-28,149
2009-03-01,209
2009-03-02,136
2009-03-03,171
2009-03-04,130
2009-03-05,171
2009-03-06,162
2009-03-07,140
2009-03-08,157
2009-03-09,153
2009-03-10,140
2009-03-11,175
2009-03-12,150
2009-03-13,181
2009-03-14,176
2009-03-15,207
2009-03-16,164
2009-03-17,169
2009-03-18,152
2009-03-19,244
2009-03-20,170
2009-03-21,368
2009-03-22,196
2009-03-23,219
2009-03-24,565
2009-03-25,787
2009-03-26,811
2009-03-27,425
2009-03-28,227
2009-03-29,250
2009-03-30,220
2009-03-31,247
2009-04-01,235
2009-04-02,187
2009-04-03,170
2009-04-04,171
2009-04-05,153
2009-04-06,118
2009-04-07,167
2009-04-08,130
2009-04-09,240
2009-04-10,177
2009-04-11,87
2009-04-12,92
2009-04-13,94
2009-04-14,148
2009-04-15,146
2009-04-16,156
2009-04-17,265
2009-04-18,127
2009-04-19,155
2009-04-20,208
2009-04-21,167
2009-04-22,203
2009-04-23,173
2009-04-24,173
2009-04-25,175
2009-04-26,206
2009-04-27,184
2009-04-28,154
2009-04-29,223
2009-04-30,160
2009-05-01,221
2009-05-02,182
2009-05-03,219
2009-05-04,177
2009-05-05,180
2009-05-06,245
2009-05-07,188
2009-05-08,245
2009-05-09,233
2009-05-10,216
2009-05-11,236
2009-05-12,186
2009-05-13,217
2009-05-14,235
2009-05-15,201
2009-05-16,268
2009-05-17,217
2009-05-18,270
2009-05-19,224
2009-05-20,230
2009-05-21,233
2009-05-22,221
2009-05-23,186
2009-05-24,219
2009-05-25,209
2009-05-26,241
2009-05-27,215
2009-05-28,239
2009-05-29,282
2009-05-30,201
2009-05-31,339
2009-06-01,294
2009-06-02,231
2009-06-03,185
2009-06-04,180
2009-06-05,235
2009-06-06,166
2009-06-07,212
2009-06-08,223
2009-06-09,174
2009-06-10,228
2009-06-11,156
2009-06-12,236
2009-06-13,263
2009-06-14,316
2009-06-15,223
2009-06-16,185
2009-06-17,197
2009-06-18,209
2009-06-19,286
2009-06-20,221
2009-06-21,211
2009-06-22,145
2009-06-23,194
2009-06-24,150
2009-06-25,171
2009-06-26,157
2009-06-27,143
2009-06-28,145
2009-06-29,160
2009-06-30,149
2009-07-01,181
2009-07-02,192
2009-07-03,190
2009-07-04,172
2009-07-05,135
2009-07-06,141
2009-07-07,170
2009-07-08,174
2009-07-09,135
2009-07-10,131
2009-07-11,122
2009-07-12,150
2009-07-13,154
2009-07-14,138
2009-07-15,127
2009-07-16,157
2009-07-17,184
2009-07-18,131
2009-07-19,133
2009-07-20,200
2009-07-21,182
2009-07-22,156
2009-07-23,151
2009-07-24,168
2009-07-25,162
2009-07-26,340
2009-07-27,128
2009-07-28,138
2009-07-29,141
2009-07-30,156
2009-07-31,160
2009-08-01,383
2009-08-02,187
2009-08-03,284
2009-08-04,117
2009-08-05,154
2009-08-06,151
2009-08-07,218
2009-08-08,160
2009-08-09,257
2009-08-10,190
2009-08-11,126
2009-08-12,154
2009-08-13,178
2009-08-14,274
2009-08-15,107
2009-08-16,137
2009-08-17,115
2009-08-18,319
2009-08-19,134
2009-08-20,136
2009-08-21,192
2009-08-22,167
2009-08-23,143
2009-08-24,130
2009-08-25,148
2009-08-26,138
2009-08-27,146
2009-08-28,138
2009-08-29,125
2009-08-30,189
2009-08-31,228
2009-09-01,178
2009-09-02,185
2009-09-03,201
2009-09-04,130
2009-09-05,135
2009-09-06,239
2009-09-07,200
2009-09-08,226
2009-09-09,233
2009-09-10,192
2009-09-11,226
2009-09-12,205
2009-09-13,147
2009-09-14,168
2009-09-15,208
2009-09-16,193
2009-09-17,182
2009-09-18,223
2009-09-19,261
2009-09-20,217
2009-09-21,191
2009-09-22,148
2009-09-23,181
2009-09-24,270
2009-09-25,145
2009-09-26,268
2009-09-27,215
2009-09-28,203
2009-09-29,195
2009-09-30,166
2009-10-01,301
2009-10-02,416
2009-10-03,488
2009-10-04,308
2009-10-05,224
2009-10-06,255
2009-10-07,295
2009-10-08,220
2009-10-09,198
2009-10-10,202
2009-10-11,299
2009-10-12,232
2009-10-13,179
2009-10-14,225
2009-10-15,202
2009-10-16,268
2009-10-17,229
2009-10-18,210
2009-10-19,152
2009-10-20,174
2009-10-21,194
2009-10-22,190
2009-10-23,220
2009-10-24,237
2009-10-25,185
2009-10-26,126
2009-10-27,148
2009-10-28,128
2009-10-29,140
2009-10-30,232
2009-10-31,227
2009-11-01,358
2009-11-02,452
2009-11-03,703
2009-11-04,385
2009-11-05,275
2009-11-06,180
2009-11-07,288
2009-11-08,355
2009-11-09,219
2009-11-10,217
2009-11-11,205
2009-11-12,200
2009-11-13,145
2009-11-14,197
2009-11-15,223
2009-11-16,188
2009-11-17,368
2009-11-18,588
2009-11-19,202
2009-11-20,215
2009-11-21,193
2009-11-22,188
2009-11-23,216
2009-11-24,420
2009-11-25,224
2009-11-26,283
2009-11-27,301
2009-11-28,298
2009-11-29,279
2009-11-30,156
2009-12-01,252
2009-12-02,223
2009-12-03,201
2009-12-04,122
2009-12-05,191
2009-12-06,132
2009-12-07,131
2009-12-08,141
2009-12-09,213
2009-12-10,185
2009-12-11,233
2009-12-12,242
2009-12-13,141
2009-12-14,199
2009-12-15,232
2009-12-16,211
2009-12-17,263
2009-12-18,216
2009-12-19,173
2009-12-20,218
2009-12-21,199
2009-12-22,177
2009-12-23,184
2009-12-24,218
2009-12-25,233
2009-12-26,267
2009-12-27,232
2009-12-28,179
2009-12-29,181
2009-12-30,247
2009-12-31,263
2010-01-01,228
2010-01-02,172
2010-01-03,226
2010-01-04,236
2010-01-05,261
2010-01-06,213
2010-01-07,189
2010-01-08,202
2010-01-09,200
2010-01-10,282
2010-01-11,207
2010-01-12,238
2010-01-13,209
2010-01-14,294
2010-01-15,1135
2010-01-16,387
2010-01-17,249
2010-01-18,272
2010-01-19,234
2010-01-20,247
2010-01-21,210
2010-01-22,217
2010-01-23,309
2010-01-24,74
2010-01-25,92
2010-01-26,140
2010-01-27,163
2010-01-28,163
2010-01-29,164
2010-01-30,165
2010-01-31,161
2010-02-01,193
2010-02-02,243
2010-02-03,171
2010-02-04,163
2010-02-05,189
2010-02-06,234
2010-02-07,198
2010-02-08,300
2010-02-09,176
2010-02-10,219
2010-02-11,155
2010-02-12,164
2010-02-13,271
2010-02-14,274
2010-02-15,203
2010-02-16,235
2010-02-17,330
2010-02-18,248
2010-02-19,285
2010-02-20,249
2010-02-21,188
2010-02-22,223
2010-02-23,223
2010-02-24,234
2010-02-25,194
2010-02-26,268
2010-02-27,309
2010-02-28,302
2010-03-01,197
2010-03-02,209
2010-03-03,202
2010-03-04,198
2010-03-05,157
2010-03-06,141
2010-03-07,144
2010-03-08,171
2010-03-09,574
2010-03-10,511
2010-03-11,526
2010-03-12,362
2010-03-13,716
2010-03-14,512
2010-03-15,289
2010-03-16,243
2010-03-17,234
2010-03-18,43
2010-03-19,233
2010-03-20,187
2010-03-21,251
2010-03-22,224
2010-03-23,187
2010-03-24,194
2010-03-25,256
2010-03-26,189
2010-03-27,123
2010-03-28,128
2010-03-29,190
2010-03-30,122
2010-03-31,152
2010-04-01,205
2010-04-02,198
2010-04-03,165
2010-04-04,282
2010-04-05,2116
2010-04-06,2100
2010-04-07,1930
2010-04-08,4841
2010-04-09,4665
2010-04-10,4077
2010-04-11,3644
2010-04-12,2223
2010-04-13,2231
2010-04-14,2200
2010-04-15,2545
2010-04-16,2942
2010-04-17,2688
2010-04-18,2654
2010-04-19,2364
2010-04-20,2106
2010-04-21,1514
2010-04-22,2117
2010-04-23,1970
2010-04-24,1809
2010-04-25,1880
2010-04-26,1670
2010-04-27,1834
2010-04-28,1177
2010-04-29,1093
2010-04-30,1229
2010-05-01,1275
2010-05-02,1155
2010-05-03,1103
2010-05-04,1071
2010-05-05,1071
2010-05-06,1194
2010-05-07,950
2010-05-08,1000
2010-05-09,818
2010-05-10,811
2010-05-11,551
2010-05-12,623
2010-05-13,618
2010-05-14,781
2010-05-15,1112
2010-05-16,1049
2010-05-17,818
2010-05-18,534
2010-05-19,1066
2010-05-20,629
2010-05-21,573
2010-05-22,871
2010-05-23,677
2010-05-24,789
2010-05-25,752
2010-05-26,679
2010-05-27,522
2010-05-28,511
2010-05-29,550
2010-05-30,790
2010-05-31,653
2010-06-01,487
2010-06-02,522
2010-06-03,671
2010-06-04,554
2010-06-05,727
2010-06-06,680
2010-06-07,686
2010-06-08,886
2010-06-09,604
2010-06-10,446
2010-06-11,447
2010-06-12,533
2010-06-13,1711
2010-06-14,944
2010-06-15,3569
2010-06-16,1975
2010-06-17,1456
2010-06-18,1088
2010-06-19,878
2010-06-20,641
2010-06-21,691
2010-06-22,575
2010-06-23,531
2010-06-24,568
2010-06-25,602
2010-06-26,503
2010-06-27,470
2010-06-28,411
2010-06-29,504
2010-06-30,445
2010-07-01,418
2010-07-02,407
2010-07-03,343
2010-07-04,428
2010-07-05,524
2010-07-06,358
2010-07-07,383
2010-07-08,4248
2010-07-09,1460
2010-07-10,1046
2010-07-11,815
2010-07-12,778
2010-07-13,657
2010-07-14,660
2010-07-15,538
2010-07-16,513
2010-07-17,436
2010-07-18,514
2010-07-19,455
2010-07-20,314
2010-07-21,307
2010-07-22,316
2010-07-23,373
2010-07-24,541
2010-07-25,492
2010-07-26,396
2010-07-27,332
2010-07-28,321
2010-07-29,310
2010-07-30,359
2010-07-31,398
2010-08-01,297
2010-08-02,219
2010-08-03,274
2010-08-04,285
2010-08-05,355
2010-08-06,405
2010-08-07,342
2010-08-08,281
2010-08-09,309
2010-08-10,317
2010-08-11,294
2010-08-12,298
2010-08-13,323
2010-08-14,328
2010-08-15,358
2010-08-16,266
2010-08-17,292
2010-08-18,282
2010-08-19,236
2010-08-20,222
2010-08-21,280
2010-08-22,238
2010-08-23,229
2010-08-24,198
2010-08-25,224
2010-08-26,305
2010-08-27,226
2010-08-28,241
2010-08-29,207
2010-08-30,168
2010-08-31,165
2010-09-01,228
2010-09-02,226
2010-09-03,260
2010-09-04,288
2010-09-05,272
2010-09-06,188
2010-09-07,182
2010-09-08,169
2010-09-09,209
2010-09-10,208
2010-09-11,354
2010-09-12,274
2010-09-13,213
2010-09-14,333
2010-09-15,336
2010-09-16,250
2010-09-17,282
2010-09-18,293
2010-09-19,277
2010-09-20,275
2010-09-21,245
2010-09-22,225
2010-09-23,247
2010-09-24,256
2010-09-25,275
2010-09-26,246
2010-09-27,226
2010-09-28,295
2010-09-29,277
2010-09-30,229
2010-10-01,249
2010-10-02,213
2010-10-03,276
2010-10-04,221
2010-10-05,225
2010-10-06,260
2010-10-07,310
2010-10-08,285
2010-10-09,284
2010-10-10,222
2010-10-11,232
2010-10-12,320
2010-10-13,311
2010-10-14,286
2010-10-15,204
2010-10-16,245
2010-10-17,171
2010-10-18,194
2010-10-19,281
2010-10-20,218
2010-10-21,202
2010-10-22,219
2010-10-23,244
2010-10-24,289
2010-10-25,238
2010-10-26,215
2010-10-27,137
2010-10-28,42
2010-10-29,279
2010-10-30,256
2010-10-31,255
2010-11-01,200
2010-11-02,190
2010-11-03,286
2010-11-04,321
2010-11-05,255
2010-11-06,280
2010-11-07,252
2010-11-08,243
2010-11-09,219
2010-11-10,232
2010-11-11,190
2010-11-12,330
2010-11-13,203
2010-11-14,193
2010-11-15,211
2010-11-16,234
2010-11-17,206
2010-11-18,267
2010-11-19,249
2010-11-20,204
2010-11-21,181
2010-11-22,213
2010-11-23,216
2010-11-24,223
2010-11-25,212
2010-11-26,180
2010-11-27,169
2010-11-28,162
2010-11-29,171
2010-11-30,111
2010-12-01,163
2010-12-02,250
2010-12-03,377
2010-12-04,219
2010-12-05,209
2010-12-06,206
2010-12-07,191
2010-12-08,202
2010-12-09,230
2010-12-10,242
2010-12-11,300
2010-12-12,207
2010-12-13,344
2010-12-14,178
2010-12-15,583
2010-12-16,262
2010-12-17,156
2010-12-18,287
2010-12-19,240
2010-12-20,170
2010-12-21,156
2010-12-22,143
2010-12-23,254
2010-12-24,172
2010-12-25,170
2010-12-26,179
2010-12-27,199
2010-12-28,395
2010-12-29,178
2010-12-30,199
2010-12-31,262
2011-01-01,400
2011-01-02,231
2011-01-03,186
2011-01-04,217
2011-01-05,173
2011-01-06,209
2011-01-07,259
2011-01-08,435
2011-01-09,297
2011-01-10,210
2011-01-11,171
2011-01-12,227
2011-01-13,170
2011-01-14,180
2011-01-15,147
2011-01-16,161
2011-01-17,192
2011-01-18,172
2011-01-19,254
2011-01-20,183
2011-01-21,233
2011-01-22,237
2011-01-23,212
2011-01-24,248
2011-01-25,321
2011-01-26,351
2011-01-27,135
2011-01-28,221
2011-01-29,233
2011-01-30,182
2011-01-31,151
2011-02-01,176
2011-02-02,237
2011-02-03,172
2011-02-04,177
2011-02-05,195
2011-02-06,152
2011-02-07,174
2011-02-08,192
2011-02-09,134
2011-02-10,168
2011-02-11,200
2011-02-12,159
2011-02-13,228
2011-02-14,245
2011-02-15,205
2011-02-16,179
2011-02-17,178
2011-02-18,176
2011-02-19,119
2011-02-20,134
2011-02-21,147
2011-02-22,204
2011-02-23,245
2011-02-24,167
2011-02-25,209
2011-02-26,184
2011-02-27,194
2011-02-28,175
2011-03-01,202
2011-03-02,247
2011-03-03,297
2011-03-04,263
2011-03-05,233
2011-03-06,214
2011-03-07,143
2011-03-08,156
2011-03-09,183
2011-03-10,221
2011-03-11,198
2011-03-12,219
2011-03-13,172
2011-03-14,153
2011-03-15,140
2011-03-16,179
2011-03-17,148
2011-03-18,199
2011-03-19,276
2011-03-20,195
2011-03-21,163
2011-03-22,271
2011-03-23,185
2011-03-24,190
2011-03-25,271
2011-03-26,212
2011-03-27,165
2011-03-28,354
2011-03-29,240
2011-03-30,199
2011-03-31,219
2011-04-01,268
2011-04-02,287
2011-04-03,235
2011-04-04,216
2011-04-05,184
2011-04-06,175
2011-04-07,203
2011-04-08,287
2011-04-09,346
2011-04-10,253
2011-04-11,279
2011-04-12,208
2011-04-13,198
2011-04-14,266
2011-04-15,325
2011-04-16,234
2011-04-17,350
2011-04-18,339
2011-04-19,258
2011-04-20,202
2011-04-21,215
2011-04-22,224
2011-04-23,232
2011-04-24,194
2011-04-25,221
2011-04-26,244
2011-04-27,312
2011-04-28,169
2011-04-29,201
2011-04-30,180
2011-05-01,131
2011-05-02,164
2011-05-03,159
2011-05-04,207
2011-05-05,233
2011-05-06,264
2011-05-07,189
2011-05-08,154
2011-05-09,158
2011-05-10,188
2011-05-11,202
2011-05-12,159
2011-05-13,205
2011-05-14,160
2011-05-15,160
2011-05-16,218
2011-05-17,151
2011-05-18,122
2011-05-19,224
2011-05-20,213
2011-05-21,154
2011-05-22,176
2011-05-23,189
2011-05-24,191
2011-05-25,216
2011-05-26,179
2011-05-27,251
2011-05-28,245
2011-05-29,180
2011-05-30,222
2011-05-31,161
2011-06-01,203
2011-06-02,179
2011-06-03,234
2011-06-04,229
2011-06-05,247
2011-06-06,253
2011-06-07,239
2011-06-08,255
2011-06-09,269
2011-06-10,296
2011-06-11,227
2011-06-12,251
2011-06-13,265
2011-06-14,288
2011-06-15,347
2011-06-16,134
2011-06-17,287
2011-06-18,318
2011-06-19,260
2011-06-20,275
2011-06-21,225
2011-06-22,237
2011-06-23,193
2011-06-24,213
2011-06-25,256
2011-06-26,230
2011-06-27,185
2011-06-28,213
2011-06-29,251
2011-06-30,248
2011-07-01,305
2011-07-02,237
2011-07-03,245
2011-07-04,271
2011-07-05,259
2011-07-06,220
2011-07-07,221
2011-07-08,220
2011-07-09,219
2011-07-10,250
2011-07-11,282
2011-07-12,227
2011-07-13,256
2011-07-14,223
2011-07-15,375
2011-07-16,236
2011-07-17,207
2011-07-18,274
2011-07-19,247
2011-07-20,237
2011-07-21,334
2011-07-22,337
2011-07-23,205
2011-07-24,238
2011-07-25,248
2011-07-26,267
2011-07-27,227
2011-07-28,320
2011-07-29,251
2011-07-30,279
2011-07-31,220
2011-08-01,208
2011-08-02,183
2011-08-03,196
2011-08-04,188
2011-08-05,204
2011-08-06,274
2011-08-07,246
2011-08-08,208
2011-08-09,212
2011-08-10,323
2011-08-11,222
2011-08-12,236
2011-08-13,221
2011-08-14,198
2011-08-15,172
2011-08-16,209
2011-08-17,197
2011-08-18,193
2011-08-19,166
2011-08-20,198
2011-08-21,183
2011-08-22,209
2011-08-23,202
2011-08-24,192
2011-08-25,212
2011-08-26,205
2011-08-27,189
2011-08-28,169
2011-08-29,225
2011-08-30,161
2011-08-31,154
2011-09-01,212
2011-09-02,238
2011-09-03,152
2011-09-04,176
2011-09-05,156
2011-09-06,175
2011-09-07,159
2011-09-08,157
2011-09-09,150
2011-09-10,129
2011-09-11,145
2011-09-12,177
2011-09-13,186
2011-09-14,181
2011-09-15,193
2011-09-16,203
2011-09-17,202
2011-09-18,171
2011-09-19,207
2011-09-20,211
2011-09-21,156
2011-09-22,208
2011-09-23,388
2011-09-24,165
2011-09-25,183
2011-09-26,169
2011-09-27,176
2011-09-28,215
2011-09-29,199
2011-09-30,152
2011-10-01,157
2011-10-02,145
2011-10-03,156
2011-10-04,134
2011-10-05,232
2011-10-06,138
2011-10-07,159
2011-10-08,150
2011-10-09,201
2011-10-10,155
2011-10-11,169
2011-10-12,204
2011-10-13,127
2011-10-14,153
2011-10-15,147
2011-10-16,117
2011-10-17,183
2011-10-18,179
2011-10-19,209
2011-10-20,173
2011-10-21,298
2011-10-22,325
2011-10-23,121
2011-10-24,162
2011-10-25,146
2011-10-26,120
2011-10-27,158
2011-10-28,147
2011-10-29,120
2011-10-30,175
2011-10-31,165
2011-11-01,190
2011-11-02,180
2011-11-03,158
2011-11-04,165
2011-11-05,168
2011-11-06,151
2011-11-07,153
2011-11-08,214
2011-11-09,180
2011-11-10,151
2011-11-11,180
2011-11-12,227
2011-11-13,160
2011-11-14,193
2011-11-15,200
2011-11-16,201
2011-11-17,247
2011-11-18,152
2011-11-19,172
2011-11-20,181
2011-11-21,174
2011-11-22,186
2011-11-23,162
2011-11-24,273
2011-11-25,201
2011-11-26,149
2011-11-27,163
2011-11-28,206
2011-11-29,161
2011-11-30,146
2011-12-01,126
2011-12-02,220
2011-12-03,161
2011-12-04,136
2011-12-05,166
2011-12-06,161
2011-12-07,135
2011-12-08,192
2011-12-09,175
2011-12-10,196
2011-12-11,128
2011-12-12,214
2011-12-13,142
2011-12-14,178
2011-12-15,173
2011-12-16,130
2011-12-17,153
2011-12-18,128
2011-12-19,183
2011-12-20,150
2011-12-21,126
2011-12-22,129
2011-12-23,140
2011-12-24,113
2011-12-25,122
2011-12-26,155
2011-12-27,149
2011-12-28,188
2011-12-29,206
2011-12-30,196
2011-12-31,140
2012-01-01,184
2012-01-02,141
2012-01-03,178
2012-01-04,141
2012-01-05,148
2012-01-06,384
2012-01-07,247
2012-01-08,209
2012-01-09,275
2012-01-10,287
2012-01-11,244
2012-01-12,234
2012-01-13,228
2012-01-14,130
2012-01-15,207
2012-01-16,149
2012-01-17,166
2012-01-18,182
2012-01-19,142
2012-01-20,187
2012-01-21,149
2012-01-22,142
2012-01-23,143
2012-01-24,116
2012-01-25,179
2012-01-26,158
2012-01-27,155
2012-01-28,157
2012-01-29,211
2012-01-30,300
2012-01-31,294
2012-02-01,224
2012-02-02,176
2012-02-03,170
2012-02-04,169
2012-02-05,165
2012-02-06,133
2012-02-07,126
2012-02-08,159
2012-02-09,167
2012-02-10,138
2012-02-11,135
2012-02-12,160
2012-02-13,141
2012-02-14,218
2012-02-15,158
2012-02-16,169
2012-02-17,134
2012-02-18,172
2012-02-19,342
2012-02-20,267
2012-02-21,171
2012-02-22,164
2012-02-23,180
2012-02-24,120
2012-02-25,157
2012-02-26,388
2012-02-27,173
2012-02-28,202
2012-02-29,312
2012-03-01,149
2012-03-02,150
2012-03-03,169
2012-03-04,480
2012-03-05,240
2012-03-06,200
2012-03-07,165
2012-03-08,155
2012-03-09,208
2012-03-10,215
2012-03-11,218
2012-03-12,336
2012-03-13,225
2012-03-14,188
2012-03-15,264
2012-03-16,183
2012-03-17,148
2012-03-18,161
2012-03-19,175
2012-03-20,196
2012-03-21,187
2012-03-22,206
2012-03-23,291
2012-03-24,256
2012-03-25,158
2012-03-26,166
2012-03-27,248
2012-03-28,281
2012-03-29,212
2012-03-30,242
2012-03-31,209
2012-04-01,307
2012-04-02,195
2012-04-03,360
2012-04-04,603
2012-04-05,369
2012-04-06,274
2012-04-07,318
2012-04-08,249
2012-04-09,266
2012-04-10,224
2012-04-11,184
2012-04-12,260
2012-04-13,287
2012-04-14,229
2012-04-15,157
2012-04-16,223
2012-04-17,264
2012-04-18,201
2012-04-19,248
2012-04-20,279
2012-04-21,201
2012-04-22,257
2012-04-23,217
2012-04-24,238
2012-04-25,158
2012-04-26,170
2012-04-27,185
2012-04-28,176
2012-04-29,142
2012-04-30,172
2012-05-01,146
2012-05-02,130
2012-05-03,146
2012-05-04,213
2012-05-05,114
2012-05-06,135
2012-05-07,197
2012-05-08,198
2012-05-09,225
2012-05-10,185
2012-05-11,183
2012-05-12,131
2012-05-13,170
2012-05-14,235
2012-05-15,172
2012-05-16,235
2012-05-17,228
2012-05-18,380
2012-05-19,231
2012-05-20,299
2012-05-21,353
2012-05-22,265
2012-05-23,216
2012-05-24,161
2012-05-25,172
2012-05-26,126
2012-05-27,203
2012-05-28,198
2012-05-29,219
2012-05-30,203
2012-05-31,194
2012-06-01,179
2012-06-02,230
2012-06-03,163
2012-06-04,150
2012-06-05,116
2012-06-06,138
2012-06-07,149
2012-06-08,484
2012-06-09,155
2012-06-10,167
2012-06-11,175
2012-06-12,99
2012-06-13,119
2012-06-14,171
2012-06-15,155
2012-06-16,178
2012-06-17,117
2012-06-18,193
2012-06-19,176
2012-06-20,143
2012-06-21,114
2012-06-22,292
2012-06-23,199
2012-06-24,189
2012-06-25,152
2012-06-26,144
2012-06-27,122
2012-06-28,162
2012-06-29,184
2012-06-30,318
2012-07-01,207
2012-07-02,130
2012-07-03,195
2012-07-04,168
2012-07-05,140
2012-07-06,160
2012-07-07,132
2012-07-08,179
2012-07-09,145
2012-07-10,148
2012-07-11,149
2012-07-12,220
2012-07-13,220
2012-07-14,123
2012-07-15,163
2012-07-16,157
2012-07-17,168
2012-07-18,136
2012-07-19,186
2012-07-20,169
2012-07-21,136
2012-07-22,85
2012-07-23,179
2012-07-24,136
2012-07-25,107
2012-07-26,121
2012-07-27,148
2012-07-28,150
2012-07-29,151
2012-07-30,148
2012-07-31,187
2012-08-01,168
2012-08-02,190
2012-08-03,171
2012-08-04,173
2012-08-05,128
2012-08-06,185
2012-08-07,144
2012-08-08,226
2012-08-09,165
2012-08-10,166
2012-08-11,157
2012-08-12,115
2012-08-13,173
2012-08-14,117
2012-08-15,203
2012-08-16,176
2012-08-17,176
2012-08-18,324
2012-08-19,256
2012-08-20,258
2012-08-21,246
2012-08-22,237
2012-08-23,192
2012-08-24,154
2012-08-25,180
2012-08-26,1268
2012-08-27,1810
2012-08-28,887
2012-08-29,842
2012-08-30,575
2012-08-31,324
2012-09-01,214
2012-09-02,342
2012-09-03,269
2012-09-04,231
2012-09-05,252
2012-09-06,151
2012-09-07,178
2012-09-08,216
2012-09-09,213
2012-09-10,282
2012-09-11,155
2012-09-12,292
2012-09-13,141
2012-09-14,174
2012-09-15,165
2012-09-16,206
2012-09-17,206
2012-09-18,251
2012-09-19,209
2012-09-20,155
2012-09-21,180
2012-09-22,145
2012-09-23,177
2012-09-24,124
2012-09-25,419
2012-09-26,168
2012-09-27,184
2012-09-28,131
2012-09-29,149
2012-09-30,125
2012-10-01,138
2012-10-02,233
2012-10-03,224
2012-10-04,173
2012-10-05,153
2012-10-06,169
2012-10-07,163
2012-10-08,239
2012-10-09,195
2012-10-10,192
2012-10-11,171
2012-10-12,204
2012-10-13,261
2012-10-14,201
2012-10-15,206
2012-10-16,157
2012-10-17,168
2012-10-18,107
2012-10-19,140
2012-10-20,187
2012-10-21,173
2012-10-22,211
2012-10-23,197
2012-10-24,235
2012-10-25,235
2012-10-26,206
2012-10-27,142
2012-10-28,313
2012-10-29,164
2012-10-30,220
2012-10-31,166
2012-11-01,215
2012-11-02,188
2012-11-03,146
2012-11-04,150
2012-11-05,165
2012-11-06,160
2012-11-07,239
2012-11-08,187
2012-11-09,188
2012-11-10,138
2012-11-11,177
2012-11-12,157
2012-11-13,150
2012-11-14,198
2012-11-15,172
2012-11-16,300
2012-11-17,207
2012-11-18,151
2012-11-19,198
2012-11-20,187
2012-11-21,171
2012-11-22,249
2012-11-23,194
2012-11-24,159
2012-11-25,224
2012-11-26,206
2012-11-27,303
2012-11-28,238
2012-11-29,174
2012-11-30,367
2012-12-01,291
2012-12-02,346
2012-12-03,313
2012-12-04,336
2012-12-05,406
2012-12-06,275
2012-12-07,266
2012-12-08,269
2012-12-09,247
2012-12-10,209
2012-12-11,235
2012-12-12,181
2012-12-13,194
2012-12-14,157
2012-12-15,203
2012-12-16,200
2012-12-17,237
2012-12-18,137
2012-12-19,169
2012-12-20,146
2012-12-21,156
2012-12-22,265
2012-12-23,233
2012-12-24,151
2012-12-25,159
2012-12-26,160
2012-12-27,151
2012-12-28,130
2012-12-29,147
2012-12-30,157
2012-12-31,25
2013-01-01,175
2013-01-02,133
2013-01-03,163
2013-01-04,195
2013-01-05,167
2013-01-06,175
2013-01-07,131
2013-01-08,137
2013-01-09,224
2013-01-10,206
2013-01-11,238
2013-01-12,203
2013-01-13,185
2013-01-14,135
2013-01-15,155
2013-01-16,179
2013-01-17,190
2013-01-18,202
2013-01-19,131
2013-01-20,189
2013-01-21,177
2013-01-22,141
2013-01-23,133
2013-01-24,168
2013-01-25,143
2013-01-26,205
2013-01-27,313
2013-01-28,129
2013-01-29,106
2013-01-30,172
2013-01-31,162
2013-02-01,268
2013-02-02,206
2013-02-03,162
2013-02-04,140
2013-02-05,170
2013-02-06,219
2013-02-07,137
2013-02-08,285
2013-02-09,139
2013-02-10,195
2013-02-11,172
2013-02-12,181
2013-02-13,176
2013-02-14,141
2013-02-15,153
2013-02-16,147
2013-02-17,214
2013-02-18,207
2013-02-19,216
2013-02-20,181
2013-02-21,197
2013-02-22,168
2013-02-23,106
2013-02-24,129
2013-02-25,143
2013-02-26,238
2013-02-27,115
2013-02-28,193
2013-03-01,186
2013-03-02,259
2013-03-03,208
2013-03-04,246
2013-03-05,155
2013-03-06,131
2013-03-07,154
2013-03-08,114
2013-03-09,140
2013-03-10,115
2013-03-11,1461
2013-03-12,1810
2013-03-13,975
2013-03-14,529
2013-03-15,546
2013-03-16,499
2013-03-17,493
2013-03-18,383
2013-03-19,389
2013-03-20,344
2013-03-21,318
2013-03-22,326
2013-03-23,291
2013-03-24,299
2013-03-25,302
2013-03-26,271
2013-03-27,449
2013-03-28,322
2013-03-29,246
2013-03-30,418
2013-03-31,259
2013-04-01,253
2013-04-02,194
2013-04-03,443
2013-04-04,344
2013-04-05,556
2013-04-06,386
2013-04-07,402
2013-04-08,258
2013-04-09,224
2013-04-10,226
2013-04-11,222
2013-04-12,338
2013-04-13,265
2013-04-14,313
2013-04-15,230
2013-04-16,224
2013-04-17,296
2013-04-18,231
2013-04-19,223
2013-04-20,224
2013-04-21,224
2013-04-22,210
2013-04-23,234
2013-04-24,217
2013-04-25,341
2013-04-26,227
2013-04-27,197
2013-04-28,185
2013-04-29,321
2013-04-30,212
2013-05-01,236
2013-05-02,186
2013-05-03,206
2013-05-04,348
2013-05-05,250
2013-05-06,189
2013-05-07,225
2013-05-08,164
2013-05-09,255
2013-05-10,212
2013-05-11,213
2013-05-12,162
2013-05-13,144
2013-05-14,190
2013-05-15,177
2013-05-16,441
2013-05-17,423
2013-05-18,197
2013-05-19,164
2013-05-20,185
2013-05-21,198
2013-05-22,127
2013-05-23,239
2013-05-24,235
2013-05-25,206
2013-05-26,149
2013-05-27,146
2013-05-28,147
2013-05-29,251
2013-05-30,207
2013-05-31,186
2013-06-01,198
2013-06-02,172
2013-06-03,274
2013-06-04,371
2013-06-05,272
2013-06-06,207
2013-06-07,226
2013-06-08,193
2013-06-09,204
2013-06-10,237
2013-06-11,227
2013-06-12,178
2013-06-13,137
2013-06-14,167
2013-06-15,153
2013-06-16,153
2013-06-17,201
2013-06-18,219
2013-06-19,306
2013-06-20,246
2013-06-21,213
2013-06-22,177
2013-06-23,293
2013-06-24,428
2013-06-25,258
2013-06-26,202
2013-06-27,191
2013-06-28,239
2013-06-29,270
2013-06-30,170
2013-07-01,137
2013-07-02,163
2013-07-03,146
2013-07-04,158
2013-07-05,182
2013-07-06,184
2013-07-07,199
2013-07-08,130
2013-07-09,153
2013-07-10,148
2013-07-11,159
2013-07-12,199
2013-07-13,152
2013-07-14,152
2013-07-15,193
2013-07-16,146
2013-07-17,168
2013-07-18,150
2013-07-19,178
2013-07-20,135
2013-07-21,127
2013-07-22,144
2013-07-23,145
2013-07-24,181
2013-07-25,183
2013-07-26,128
2013-07-27,144
2013-07-28,158
2013-07-29,159
2013-07-30,178
2013-07-31,145
2013-08-01,135
2013-08-02,121
2013-08-03,166
2013-08-04,204
2013-08-05,162
2013-08-06,162
2013-08-07,193
2013-08-08,257
2013-08-09,168
2013-08-10,252
2013-08-11,287
2013-08-12,242
2013-08-13,185
2013-08-14,200
2013-08-15,194
2013-08-16,169
2013-08-17,132
2013-08-18,297
2013-08-19,183
2013-08-20,364
2013-08-21,155
2013-08-22,166
2013-08-23,133
2013-08-24,166
2013-08-25,278
2013-08-26,215
2013-08-27,289
2013-08-28,239
2013-08-29,163
2013-08-30,193
2013-08-31,135
2013-09-01,155
2013-09-02,162
2013-09-03,208
2013-09-04,192
2013-09-05,200
2013-09-06,211
2013-09-07,122
2013-09-08,148
2013-09-09,189
2013-09-10,192
2013-09-11,208
2013-09-12,186
2013-09-13,195
2013-09-14,131
2013-09-15,166
2013-09-16,132
2013-09-17,143
2013-09-18,157
2013-09-19,177
2013-09-20,355
2013-09-21,199
2013-09-22,401
2013-09-23,252
2013-09-24,223
2013-09-25,200
2013-09-26,205
2013-09-27,189
2013-09-28,202
2013-09-29,183
2013-09-30,294
2013-10-01,128
2013-10-02,193
2013-10-03,179
2013-10-04,141
2013-10-05,169
2013-10-06,152
2013-10-07,187
2013-10-08,164
2013-10-09,333
2013-10-10,191
2013-10-11,136
2013-10-12,149
2013-10-13,114
2013-10-14,460
2013-10-15,154
2013-10-16,211
2013-10-17,203
2013-10-18,179
2013-10-19,253
2013-10-20,170
2013-10-21,173
2013-10-22,147
2013-10-23,182
2013-10-24,129
2013-10-25,201
2013-10-26,149
2013-10-27,144
2013-10-28,171
2013-10-29,200
2013-10-30,154
2013-10-31,176
2013-11-01,304
2013-11-02,124
2013-11-03,154
2013-11-04,262
2013-11-05,128
2013-11-06,195
2013-11-07,158
2013-11-08,180
2013-11-09,195
2013-11-10,180
2013-11-11,171
2013-11-12,110
2013-11-13,183
2013-11-14,169
2013-11-15,112
2013-11-16,137
2013-11-17,138
2013-11-18,107
2013-11-19,180
2013-11-20,157
2013-11-21,146
2013-11-22,168
2013-11-23,173
2013-11-24,117
2013-11-25,133
2013-11-26,168
2013-11-27,202
2013-11-28,213
2013-11-29,123
2013-11-30,153
2013-12-01,190
2013-12-02,119
2013-12-03,155
2013-12-04,99
2013-12-05,147
2013-12-06,102
2013-12-07,133
2013-12-08,116
2013-12-09,140
2013-12-10,94
2013-12-11,130
2013-12-12,122
2013-12-13,141
2013-12-14,120
2013-12-15,136
2013-12-16,137
2013-12-17,115
2013-12-18,129
2013-12-19,162
2013-12-20,142
2013-12-21,151
2013-12-22,315
2013-12-23,199
2013-12-24,137
2013-12-25,156
2013-12-26,97
2013-12-27,152
2013-12-28,114
2013-12-29,131
2013-12-30,136
2013-12-31,319
2014-01-01,193
2014-01-02,222
2014-01-03,208
2014-01-04,208
2014-01-05,171
2014-01-06,178
2014-01-07,181
2014-01-08,176
2014-01-09,131
2014-01-10,143
2014-01-11,133
2014-01-12,137
2014-01-13,115
2014-01-14,136
2014-01-15,168
2014-01-16,178
2014-01-17,153
2014-01-18,137
2014-01-19,162
2014-01-20,191
2014-01-21,148
2014-01-22,119
2014-01-23,147
2014-01-24,144
2014-01-25,137
2014-01-26,128
2014-01-27,220
2014-01-28,141
2014-01-29,154
2014-01-30,147
2014-01-31,146
2014-02-01,144
2014-02-02,112
2014-02-03,154
2014-02-04,139
2014-02-05,164
2014-02-06,143
2014-02-07,150
2014-02-08,122
2014-02-09,155
2014-02-10,133
2014-02-11,142
2014-02-12,100
2014-02-13,118
2014-02-14,151
2014-02-15,138
2014-02-16,101
2014-02-17,112
2014-02-18,130
2014-02-19,126
2014-02-20,134
2014-02-21,109
2014-02-22,169
2014-02-23,168
2014-02-24,124
2014-02-25,137
2014-02-26,118
2014-02-27,120
2014-02-28,130
2014-03-01,136
2014-03-02,123
2014-03-03,104
2014-03-04,148
2014-03-05,491
2014-03-06,159
2014-03-07,130
2014-03-08,106
2014-03-09,146
2014-03-10,111
2014-03-11,102
2014-03-12,121
2014-03-13,163
2014-03-14,118
2014-03-15,118
2014-03-16,108
2014-03-17,182
2014-03-18,146
2014-03-19,118
2014-03-20,166
2014-03-21,118
2014-03-22,232
2014-03-23,173
2014-03-24,145
2014-03-25,148
2014-03-26,216
2014-03-27,178
2014-03-28,226
2014-03-29,795
2014-03-30,320
2014-03-31,225
2014-04-01,168
2014-04-02,162
2014-04-03,160
2014-04-04,170
2014-04-05,171
2014-04-06,193
2014-04-07,173
2014-04-08,181
2014-04-09,137
2014-04-10,171
2014-04-11,187
2014-04-12,215
2014-04-13,114
2014-04-14,188
2014-04-15,203
2014-04-16,172
2014-04-17,216
2014-04-18,480
2014-04-19,518
2014-04-20,261
2014-04-21,417
2014-04-22,342
2014-04-23,322
2014-04-24,365
2014-04-25,297
2014-04-26,150
2014-04-27,222
2014-04-28,182
2014-04-29,144
2014-04-30,116
2014-05-01,140
2014-05-02,155
2014-05-03,133
2014-05-04,114
2014-05-05,118
2014-05-06,265
2014-05-07,197
2014-05-08,151
2014-05-09,240
2014-05-10,340
2014-05-11,138
2014-05-12,135
2014-05-13,160
2014-05-14,164
2014-05-15,161
2014-05-16,170
2014-05-17,124
2014-05-18,192
2014-05-19,160
2014-05-20,187
2014-05-21,206
2014-05-22,170
2014-05-23,165
2014-05-24,170
2014-05-25,140
2014-05-26,222
2014-05-27,200
2014-05-28,201
2014-05-29,184
2014-05-30,172
2014-05-31,152
2014-06-01,211
2014-06-02,161
2014-06-03,208
2014-06-04,163
2014-06-05,191
2014-06-06,199
2014-06-07,150
2014-06-08,182
2014-06-09,205
2014-06-10,196
2014-06-11,190
2014-06-12,200
2014-06-13,294
2014-06-14,219
2014-06-15,176
2014-06-16,194
2014-06-17,266
2014-06-18,225
2014-06-19,212
2014-06-20,191
2014-06-21,186
2014-06-22,188
2014-06-23,193
2014-06-24,187
2014-06-25,291
2014-06-26,190
2014-06-27,191
2014-06-28,176
2014-06-29,134
2014-06-30,156
2014-07-01,231
2014-07-02,226
2014-07-03,286
2014-07-04,533
2014-07-05,693
2014-07-06,661
2014-07-07,464
2014-07-08,432
2014-07-09,327
2014-07-10,385
2014-07-11,319
2014-07-12,280
2014-07-13,254
2014-07-14,231
2014-07-15,205
2014-07-16,201
2014-07-17,252
2014-07-18,235
2014-07-19,235
2014-07-20,262
2014-07-21,195
2014-07-22,228
2014-07-23,230
2014-07-24,207
2014-07-25,210
2014-07-26,208
2014-07-27,189
2014-07-28,201
2014-07-29,169
2014-07-30,205
2014-07-31,181
2014-08-01,164
2014-08-02,182
2014-08-03,165
2014-08-04,239
2014-08-05,281
2014-08-06,180
2014-08-07,180
2014-08-08,231
2014-08-09,168
2014-08-10,250
2014-08-11,234
2014-08-12,213
2014-08-13,183
2014-08-14,205
2014-08-15,288
2014-08-16,203
2014-08-17,193
2014-08-18,212
2014-08-19,250
2014-08-20,312
2014-08-21,242
2014-08-22,172
2014-08-23,167
2014-08-24,221
2014-08-25,172
2014-08-26,166
2014-08-27,166
2014-08-28,135
2014-08-29,193
2014-08-30,248
2014-08-31,186
2014-09-01,233
2014-09-02,242
2014-09-03,219
2014-09-04,186
2014-09-05,190
2014-09-06,158
2014-09-07,212
2014-09-08,200
2014-09-09,230
2014-09-10,187
2014-09-11,179
2014-09-12,199
2014-09-13,204
2014-09-14,217
2014-09-15,213
2014-09-16,261
2014-09-17,170
2014-09-18,170
2014-09-19,216
2014-09-20,157
2014-09-21,202
2014-09-22,164
2014-09-23,180
2014-09-24,146
2014-09-25,153
2014-09-26,197
2014-09-27,151
2014-09-28,167
2014-09-29,216
2014-09-30,190
2014-10-01,161
2014-10-02,164
2014-10-03,171
2014-10-04,219
2014-10-05,210
2014-10-06,227
2014-10-07,188
2014-10-08,133
2014-10-09,204
2014-10-10,190
2014-10-11,168
2014-10-12,237
2014-10-13,207
2014-10-14,182
2014-10-15,143
2014-10-16,144
2014-10-17,179
2014-10-18,149
2014-10-19,181
2014-10-20,161
2014-10-21,149
2014-10-22,245
2014-10-23,203
2014-10-24,217
2014-10-25,252
2014-10-26,250
2014-10-27,193
2014-10-28,196
2014-10-29,191
2014-10-30,137
2014-10-31,188
2014-11-01,200
2014-11-02,189
2014-11-03,185
2014-11-04,141
2014-11-05,148
2014-11-06,155
2014-11-07,184
2014-11-08,200
2014-11-09,195
2014-11-10,144
2014-11-11,193
2014-11-12,137
2014-11-13,166
2014-11-14,140
2014-11-15,129
2014-11-16,158
2014-11-17,174
2014-11-18,146
2014-11-19,157
2014-11-20,182
2014-11-21,225
2014-11-22,151
2014-11-23,114
2014-11-24,127
2014-11-25,129
2014-11-26,167
2014-11-27,139
2014-11-28,162
2014-11-29,143
2014-11-30,119
2014-12-01,171
2014-12-02,121
2014-12-03,153
2014-12-04,196
2014-12-05,168
2014-12-06,156
2014-12-07,236
2014-12-08,272
2014-12-09,162
2014-12-10,164
2014-12-11,186
2014-12-12,102
2014-12-13,232
2014-12-14,175
2014-12-15,162
2014-12-16,162
2014-12-17,169
2014-12-18,146
2014-12-19,199
2014-12-20,146
2014-12-21,186
2014-12-22,147
2014-12-23,224
2014-12-24,224
2014-12-25,202
2014-12-26,191
2014-12-27,121
2014-12-28,163
2014-12-29,174
2014-12-30,123
2014-12-31,119
2015-01-01,186
2015-01-02,145
2015-01-03,199
2015-01-04,334
2015-01-05,199
2015-01-06,171
2015-01-07,184
2015-01-08,241
2015-01-09,241
2015-01-10,218
2015-01-11,239
2015-01-12,247
2015-01-13,177
2015-01-14,231
2015-01-15,191
2015-01-16,204
2015-01-17,171
2015-01-18,201
2015-01-19,292
2015-01-20,300
2015-01-21,276
2015-01-22,231
2015-01-23,215
2015-01-24,183
2015-01-25,314
2015-01-26,210
2015-01-27,235
2015-01-28,382
2015-01-29,349
2015-01-30,302
2015-01-31,311
2015-02-01,261
2015-02-02,355
2015-02-03,341
2015-02-04,280
2015-02-05,288
2015-02-06,212
2015-02-07,283
2015-02-08,282
2015-02-09,220
2015-02-10,188
2015-02-11,359
2015-02-12,217
2015-02-13,204
2015-02-14,394
2015-02-15,362
2015-02-16,322
2015-02-17,366
2015-02-18,316
2015-02-19,264
2015-02-20,400
2015-02-21,242
2015-02-22,309
2015-02-23,297
2015-02-24,264
2015-02-25,272
2015-02-26,344
2015-02-27,313
2015-02-28,288
2015-03-01,309
2015-03-02,254
2015-03-03,281
2015-03-04,277
2015-03-05,278
2015-03-06,228
2015-03-07,278
2015-03-08,337
2015-03-09,458
2015-03-10,405
2015-03-11,296
2015-03-12,279
2015-03-13,356
2015-03-14,278
2015-03-15,241
2015-03-16,260
2015-03-17,326
2015-03-18,284
2015-03-19,308
2015-03-20,224
2015-03-21,52
2015-03-22,264
2015-03-23,47
2015-03-24,271
2015-03-25,264
2015-03-26,264
2015-03-27,349
2015-03-28,340
2015-03-29,326
2015-03-30,399
2015-03-31,317
2015-04-01,458
2015-04-02,438
2015-04-03,488
2015-04-04,369
2015-04-05,406
2015-04-06,387
2015-04-07,378
2015-04-08,371
2015-04-09,374
2015-04-10,322
2015-04-11,413
2015-04-12,297
2015-04-13,316
2015-04-14,294
2015-04-15,248
2015-04-16,286
2015-04-17,226
2015-04-18,268
2015-04-19,351
2015-04-20,336
2015-04-21,314
2015-04-22,302
2015-04-23,290
2015-04-24,233
2015-04-25,250
2015-04-26,234
2015-04-27,289
2015-04-28,343
2015-04-29,43
2015-04-30,228
2015-05-01,278
2015-05-02,208
2015-05-03,261
2015-05-04,303
2015-05-05,331
2015-05-06,310
2015-05-07,233
2015-05-08,211
2015-05-09,192
2015-05-10,213
2015-05-11,252
2015-05-12,298
2015-05-13,221
2015-05-14,294
2015-05-15,199
2015-05-16,218
2015-05-17,220
2015-05-18,203
2015-05-19,200
2015-05-20,196
2015-05-21,450
2015-05-22,280
2015-05-23,199
2015-05-24,201
2015-05-25,157
2015-05-26,203
2015-05-27,184
2015-05-28,272
2015-05-29,277
2015-05-30,278
2015-05-31,405
2015-06-01,315
2015-06-02,257
2015-06-03,229
2015-06-04,279
2015-06-05,257
2015-06-06,305
2015-06-07,312
2015-06-08,365
2015-06-09,313
2015-06-10,277
2015-06-11,239
2015-06-12,255
2015-06-13,239
2015-06-14,303
2015-06-15,169
2015-06-16,201
2015-06-17,211
2015-06-18,241
2015-06-19,205
2015-06-20,201
2015-06-21,184
2015-06-22,210
2015-06-23,191
2015-06-24,204
2015-06-25,238
2015-06-26,244
2015-06-27,237
2015-06-28,208
2015-06-29,250
2015-06-30,240
2015-07-01,174
2015-07-02,249
2015-07-03,192
2015-07-04,206
2015-07-05,291
2015-07-06,214
2015-07-07,239
2015-07-08,237
2015-07-09,666
2015-07-10,497
2015-07-11,205
2015-07-12,238
2015-07-13,409
2015-07-14,300
2015-07-15,206
2015-07-16,176
2015-07-17,172
2015-07-18,207
2015-07-19,198
2015-07-20,205
2015-07-21,204
2015-07-22,145
2015-07-23,217
2015-07-24,270
2015-07-25,197
2015-07-26,200
2015-07-27,203
2015-07-28,215
2015-07-29,211
2015-07-30,162
2015-07-31,231
2015-08-01,157
2015-08-02,210
2015-08-03,211
2015-08-04,196
2015-08-05,156
2015-08-06,182
2015-08-07,204
2015-08-08,186
2015-08-09,244
2015-08-10,229
2015-08-11,239
2015-08-12,239
2015-08-13,214
2015-08-14,204
2015-08-15,205
2015-08-16,172
2015-08-17,151
2015-08-18,158
2015-08-19,157
2015-08-20,175
2015-08-21,220
2015-08-22,205
2015-08-23,190
2015-08-24,209
2015-08-25,214
2015-08-26,217
2015-08-27,165
2015-08-28,174
2015-08-29,193
2015-08-30,217
2015-08-31,178
2015-09-01,188
2015-09-02,205
2015-09-03,162
2015-09-04,254
2015-09-05,195
2015-09-06,195
2015-09-07,248
2015-09-08,167
2015-09-09,182
2015-09-10,173
2015-09-11,184
2015-09-12,185
2015-09-13,199
2015-09-14,226
2015-09-15,237
2015-09-16,302
2015-09-17,277
2015-09-18,228
2015-09-19,300
2015-09-20,205
2015-09-21,177
2015-09-22,184
2015-09-23,218
2015-09-24,238
2015-09-25,215
2015-09-26,229
2015-09-27,247
2015-09-28,301
2015-09-29,197
2015-09-30,273
2015-10-01,211
2015-10-02,144
2015-10-03,202
2015-10-04,163
2015-10-05,171
2015-10-06,294
2015-10-07,179
2015-10-08,187
2015-10-09,241
2015-10-10,142
2015-10-11,180
2015-10-12,208
2015-10-13,191
2015-10-14,180
2015-10-15,203
2015-10-16,243
2015-10-17,314
2015-10-18,217
2015-10-19,179
2015-10-20,189
2015-10-21,174
2015-10-22,240
2015-10-23,216
2015-10-24,185
2015-10-25,294
2015-10-26,194
2015-10-27,212
2015-10-28,229
2015-10-29,196
2015-10-30,167
2015-10-31,207
2015-11-01,264
2015-11-02,205
2015-11-03,147
2015-11-04,137
2015-11-05,203
2015-11-06,170
2015-11-07,166
2015-11-08,170
2015-11-09,165
2015-11-10,146
2015-11-11,193
2015-11-12,269
2015-11-13,177
2015-11-14,171
2015-11-15,225
2015-11-16,173
2015-11-17,212
2015-11-18,172
2015-11-19,176
2015-11-20,279
2015-11-21,268
2015-11-22,243
2015-11-23,258
2015-11-24,170
2015-11-25,242
2015-11-26,372
2015-11-27,241
2015-11-28,212
2015-11-29,253
2015-11-30,162
2015-12-01,231
2015-12-02,161
2015-12-03,342
2015-12-04,299
2015-12-05,263
2015-12-06,275
2015-12-07,346
2015-12-08,265
2015-12-09,303
2015-12-10,303
2015-12-11,236
2015-12-12,147
2015-12-13,241
2015-12-14,182
2015-12-15,194
2015-12-16,181
2015-12-17,143
2015-12-18,324
2015-12-19,238
2015-12-20,184
2015-12-21,238
2015-12-22,173
2015-12-23,204
2015-12-24,159
2015-12-25,157
2015-12-26,167
2015-12-27,218
2015-12-28,236
2015-12-29,235
2015-12-30,544
2015-12-31,301
2016-01-01,237
2016-01-02,241
2016-01-03,167
2016-01-04,216
2016-01-05,182
2016-01-06,232
2016-01-07,219
2016-01-08,164
2016-01-09,213
2016-01-10,194
2016-01-11,203
2016-01-12,249
2016-01-13,244
2016-01-14,236
2016-01-15,201
2016-01-16,256
2016-01-17,211
2016-01-18,161
2016-01-19,275
2016-01-20,217
2016-01-21,208
2016-01-22,208
2016-01-23,176
2016-01-24,251
2016-01-25,226
2016-01-26,249
2016-01-27,208
2016-01-28,274
2016-01-29,171
2016-01-30,172
2016-01-31,130
2016-02-01,149
2016-02-02,205
2016-02-03,194
2016-02-04,183
2016-02-05,241
2016-02-06,154
2016-02-07,177
2016-02-08,177
2016-02-09,162
2016-02-10,211
2016-02-11,208
2016-02-12,140
2016-02-13,145
2016-02-14,170
2016-02-15,128
2016-02-16,410
2016-02-17,221
2016-02-18,166
2016-02-19,155
2016-02-20,247
2016-02-21,189
2016-02-22,241
2016-02-23,548
2016-02-24,311
2016-02-25,248
2016-02-26,184
2016-02-27,224
2016-02-28,205
2016-02-29,180
2016-03-01,142
2016-03-02,215
2016-03-03,291
2016-03-04,165
2016-03-05,187
2016-03-06,202
2016-03-07,230
2016-03-08,295
2016-03-09,362
2016-03-10,465
2016-03-11,556
2016-03-12,380
2016-03-13,227
2016-03-14,170
2016-03-15,156
2016-03-16,220
2016-03-17,226
2016-03-18,209
2016-03-19,181
2016-03-20,218
2016-03-21,228
2016-03-22,188
2016-03-23,152
2016-03-24,214
2016-03-25,195
2016-03-26,218
2016-03-27,201
2016-03-28,209
2016-03-29,140
2016-03-30,229
2016-03-31,188
2016-04-01,168
2016-04-02,180
2016-04-03,226
2016-04-04,209
2016-04-05,241
2016-04-06,194
2016-04-07,199
2016-04-08,220
2016-04-09,211
2016-04-10,206
2016-04-11,287
2016-04-12,210
2016-04-13,240
2016-04-14,174
2016-04-15,214
2016-04-16,154
2016-04-17,248
2016-04-18,273
2016-04-19,297
2016-04-20,291
2016-04-21,228
2016-04-22,191
2016-04-23,264
2016-04-24,222
2016-04-25,164
2016-04-26,170
2016-04-27,164
2016-04-28,207
2016-04-29,187
2016-04-30,166
2016-05-01,188
2016-05-02,220
2016-05-03,305
2016-05-04,324
2016-05-05,235
2016-05-06,191
2016-05-07,214
2016-05-08,238
2016-05-09,245
2016-05-10,252
2016-05-11,242
2016-05-12,250
2016-05-13,177
2016-05-14,149
2016-05-15,156
2016-05-16,309
2016-05-17,183
2016-05-18,165
2016-05-19,166
2016-05-20,182
2016-05-21,192
2016-05-22,134
2016-05-23,157
2016-05-24,212
2016-05-25,205
2016-05-26,185
2016-05-27,228
2016-05-28,159
2016-05-29,209
2016-05-30,269
2016-05-31,188
2016-06-01,240
2016-06-02,438
2016-06-03,163
2016-06-04,214
2016-06-05,199
2016-06-06,173
2016-06-07,196
2016-06-08,170
2016-06-09,198
2016-06-10,2879
2016-06-11,1412
2016-06-12,693
2016-06-13,709
2016-06-14,639
2016-06-15,609
2016-06-16,429
2016-06-17,461
2016-06-18,420
2016-06-19,351
2016-06-20,317
2016-06-21,307
2016-06-22,347
2016-06-23,239
2016-06-24,254
2016-06-25,289
2016-06-26,208
2016-06-27,239
2016-06-28,244
2016-06-29,284
2016-06-30,215
2016-07-01,281
2016-07-02,231
2016-07-03,354
2016-07-04,214
2016-07-05,230
2016-07-06,220
2016-07-07,300
2016-07-08,287
2016-07-09,224
2016-07-10,311
2016-07-11,292
2016-07-12,258
2016-07-13,231
2016-07-14,215
2016-07-15,246
2016-07-16,171
2016-07-17,186
2016-07-18,225
2016-07-19,223
2016-07-20,244
2016-07-21,249
2016-07-22,194
2016-07-23,193
2016-07-24,222
2016-07-25,207
2016-07-26,182
2016-07-27,246
2016-07-28,302
2016-07-29,334
2016-07-30,184
2016-07-31,226
2016-08-01,282
2016-08-02,225
2016-08-03,334
2016-08-04,408
2016-08-05,378
2016-08-06,294
2016-08-07,342
2016-08-08,277
2016-08-09,236
2016-08-10,288
2016-08-11,266
2016-08-12,269
2016-08-13,303
2016-08-14,329
2016-08-15,298
2016-08-16,294
2016-08-17,189
2016-08-18,278
2016-08-19,245
2016-08-20,283
2016-08-21,322
2016-08-22,219
2016-08-23,227
2016-08-24,230
2016-08-25,282
2016-08-26,362
2016-08-27,217
2016-08-28,242
2016-08-29,241
2016-08-30,145
2016-08-31,260
2016-09-01,194
2016-09-02,323
2016-09-03,275
2016-09-04,305
2016-09-05,219
2016-09-06,189
2016-09-07,204
2016-09-08,173
2016-09-09,307
2016-09-10,249
2016-09-11,301
2016-09-12,244
2016-09-13,200
2016-09-14,183
2016-09-15,176
2016-09-16,213
2016-09-17,201
2016-09-18,230
2016-09-19,160
2016-09-20,198
2016-09-21,200
2016-09-22,164
2016-09-23,149
2016-09-24,192
2016-09-25,374
2016-09-26,844
2016-09-27,870
2016-09-28,752
2016-09-29,462
2016-09-30,354
2016-10-01,368
2016-10-02,327
2016-10-03,190
2016-10-04,220
2016-10-05,263
2016-10-06,184
2016-10-07,197
2016-10-08,224
2016-10-09,217
2016-10-10,206
2016-10-11,216
2016-10-12,151
2016-10-13,194
2016-10-14,186
2016-10-15,226
2016-10-16,210
2016-10-17,187
2016-10-18,148
2016-10-19,123
2016-10-20,174
2016-10-21,92
2016-10-22,139
2016-10-23,135
2016-10-24,171
2016-10-25,232
2016-10-26,330
2016-10-27,259
2016-10-28,197
2016-10-29,177
2016-10-30,194
2016-10-31,198
2016-11-01,128
2016-11-02,186
2016-11-03,159
2016-11-04,177
2016-11-05,127
2016-11-06,152
2016-11-07,135
2016-11-08,128
2016-11-09,200
2016-11-10,143
2016-11-11,145
2016-11-12,185
2016-11-13,154
2016-11-14,166
2016-11-15,209
2016-11-16,147
2016-11-17,164
2016-11-18,159
2016-11-19,138
2016-11-20,160
2016-11-21,270
2016-11-22,209
2016-11-23,205
2016-11-24,256
2016-11-25,192
2016-11-26,319
2016-11-27,344
2016-11-28,210
2016-11-29,164
2016-11-30,178
2016-12-01,164
2016-12-02,176
2016-12-03,118
2016-12-04,183
2016-12-05,167
2016-12-06,212
2016-12-07,197
2016-12-08,162
2016-12-09,176
2016-12-10,204
2016-12-11,213
2016-12-12,220
2016-12-13,158
2016-12-14,168
2016-12-15,237
2016-12-16,142
2016-12-17,175
2016-12-18,213
2016-12-19,159
2016-12-20,186
2016-12-21,254
2016-12-22,285
2016-12-23,343
2016-12-24,258
2016-12-25,224
2016-12-26,236
2016-12-27,321
2016-12-28,290
2016-12-29,225
2016-12-30,270
2016-12-31,800
2017-01-01,547
2017-01-02,213
2017-01-03,262
2017-01-04,167
2017-01-05,125
2017-01-06,147
2017-01-07,143
2017-01-08,158
2017-01-09,236
2017-01-10,229
2017-01-11,195
2017-01-12,174
2017-01-13,188
2017-01-14,193
2017-01-15,361
2017-01-16,295
2017-01-17,204
2017-01-18,231
2017-01-19,236
2017-01-20,158
2017-01-21,128
2017-01-22,184
2017-01-23,185
2017-01-24,215
2017-01-25,162
2017-01-26,188
2017-01-27,119
2017-01-28,117
2017-01-29,176
2017-01-30,180
2017-01-31,176
2017-02-01,179
2017-02-02,175
2017-02-03,255
2017-02-04,230
2017-02-05,219
2017-02-06,204
2017-02-07,188
2017-02-08,161
2017-02-09,202
2017-02-10,134
2017-02-11,206
2017-02-12,159
2017-02-13,211
2017-02-14,261
2017-02-15,192
2017-02-16,210
2017-02-17,166
2017-02-18,160
2017-02-19,195
2017-02-20,170
2017-02-21,130
2017-02-22,153
2017-02-23,131
2017-02-24,166
2017-02-25,145
2017-02-26,139
2017-02-27,121
2017-02-28,191
2017-03-01,140
2017-03-02,137
2017-03-03,157
2017-03-04,167
2017-03-05,143
2017-03-06,201
2017-03-07,189
2017-03-08,238
2017-03-09,228
2017-03-10,177
2017-03-11,170
2017-03-12,172
2017-03-13,390
2017-03-14,183
2017-03-15,143
2017-03-16,202
2017-03-17,293
2017-03-18,253
2017-03-19,268
2017-03-20,207
2017-03-21,203
2017-03-22,173
2017-03-23,164
2017-03-24,175
2017-03-25,287
2017-03-26,226
2017-03-27,161
2017-03-28,186
2017-03-29,224
2017-03-30,180
2017-03-31,153
2017-04-01,224
2017-04-02,206
2017-04-03,245
2017-04-04,234
2017-04-05,178
2017-04-06,204
2017-04-07,166
2017-04-08,114
2017-04-09,159
2017-04-10,152
2017-04-11,161
2017-04-12,213
2017-04-13,193
2017-04-14,248
2017-04-15,218
2017-04-16,194
2017-04-17,175
2017-04-18,198
2017-04-19,185
2017-04-20,148
2017-04-21,179
2017-04-22,196
2017-04-23,172
2017-04-24,221
2017-04-25,189
2017-04-26,169
2017-04-27,160
2017-04-28,171
2017-04-29,129
2017-04-30,166
2017-05-01,216
2017-05-02,201
2017-05-03,403
2017-05-04,307
2017-05-05,208
2017-05-06,224
2017-05-07,281
2017-05-08,236
2017-05-09,260
2017-05-10,242
2017-05-11,209
2017-05-12,257
2017-05-13,220
2017-05-14,185
2017-05-15,175
2017-05-16,252
2017-05-17,334
2017-05-18,212
2017-05-19,207
2017-05-20,283
2017-05-21,247
2017-05-22,248
2017-05-23,207
2017-05-24,207
2017-05-25,267
2017-05-26,221
2017-05-27,227
2017-05-28,168
2017-05-29,218
2017-05-30,231
2017-05-31,252
2017-06-01,234
2017-06-02,187
2017-06-03,162
2017-06-04,195
2017-06-05,201
2017-06-06,289
2017-06-07,380
2017-06-08,436
2017-06-09,370
2017-06-10,240
2017-06-11,179
2017-06-12,136
2017-06-13,192
2017-06-14,288
2017-06-15,268
2017-06-16,269
2017-06-17,222
2017-06-18,205
2017-06-19,230
2017-06-20,186
2017-06-21,184
2017-06-22,207
2017-06-23,196
2017-06-24,193
2017-06-25,212
2017-06-26,163
2017-06-27,229
2017-06-28,187
2017-06-29,200
2017-06-30,163
2017-07-01,221
2017-07-02,178
2017-07-03,311
2017-07-04,251
2017-07-05,195
2017-07-06,218
2017-07-07,219
2017-07-08,252
2017-07-09,236
2017-07-10,236
2017-07-11,170
2017-07-12,180
2017-07-13,256
2017-07-14,239
2017-07-15,251
2017-07-16,167
2017-07-17,209
2017-07-18,174
2017-07-19,214
2017-07-20,162
2017-07-21,193
2017-07-22,249
2017-07-23,205
2017-07-24,299
2017-07-25,236
2017-07-26,379
2017-07-27,275
2017-07-28,268
2017-07-29,268
2017-07-30,198
2017-07-31,200
2017-08-01,244
2017-08-02,223
2017-08-03,289
2017-08-04,262
2017-08-05,303
2017-08-06,279
2017-08-07,521
2017-08-08,255
2017-08-09,259
2017-08-10,320
2017-08-11,349
2017-08-12,313
2017-08-13,208
2017-08-14,238
2017-08-15,242
2017-08-16,245
2017-08-17,284
2017-08-18,250
2017-08-19,232
2017-08-20,224
2017-08-21,211
2017-08-22,267
2017-08-23,252
2017-08-24,252
2017-08-25,280
2017-08-26,270
2017-08-27,380
2017-08-28,384
2017-08-29,291
2017-08-30,313
2017-08-31,250
2017-09-01,266
2017-09-02,351
2017-09-03,273
2017-09-04,338
2017-09-05,284
2017-09-06,271
2017-09-07,729
2017-09-08,332
2017-09-09,261
2017-09-10,466
2017-09-11,357
2017-09-12,337
2017-09-13,380
2017-09-14,272
2017-09-15,312
2017-09-16,329
2017-09-17,341
2017-09-18,311
2017-09-19,339
2017-09-20,285
2017-09-21,263
2017-09-22,269
2017-09-23,316
2017-09-24,277
2017-09-25,329
2017-09-26,338
2017-09-27,374
2017-09-28,329
2017-09-29,383
2017-09-30,325
2017-10-01,315
2017-10-02,322
2017-10-03,484
2017-10-04,311
2017-10-05,333
2017-10-06,270
2017-10-07,312
2017-10-08,255
2017-10-09,344
2017-10-10,479
2017-10-11,375
2017-10-12,356
2017-10-13,338
2017-10-14,328
2017-10-15,256
2017-10-16,238
2017-10-17,369
2017-10-18,420
2017-10-19,410
2017-10-20,281
2017-10-21,331
2017-10-22,409
2017-10-23,336
2017-10-24,235
2017-10-25,311
2017-10-26,303
2017-10-27,294
2017-10-28,280
2017-10-29,257
2017-10-30,271
2017-10-31,265
2017-11-01,354
2017-11-02,332
2017-11-03,295
2017-11-04,210
2017-11-05,223
2017-11-06,318
2017-11-07,301
2017-11-08,330
2017-11-09,349
2017-11-10,394
2017-11-11,261
2017-11-12,260
2017-11-13,260
2017-11-14,293
2017-11-15,264
2017-11-16,293
2017-11-17,305
2017-11-18,236
2017-11-19,344
2017-11-20,290
2017-11-21,337
2017-11-22,300
2017-11-23,296
2017-11-24,246
2017-11-25,260
2017-11-26,287
2017-11-27,264
2017-11-28,264
2017-11-29,531
2017-11-30,271
2017-12-01,337
2017-12-02,223
2017-12-03,280
2017-12-04,308
2017-12-05,30
2017-12-06,273
2017-12-07,733
2017-12-08,322
2017-12-09,426
2017-12-10,370
2017-12-11,395
2017-12-12,335
2017-12-13,194
2017-12-14,389
2017-12-15,259
2017-12-16,299
2017-12-17,332
2017-12-18,406
2017-12-19,269
2017-12-20,421
2017-12-21,362
2017-12-22,336
2017-12-23,346
2017-12-24,494
2017-12-25,695
2017-12-26,556
2017-12-27,503
2017-12-28,392
2017-12-29,228
2017-12-30,302
2017-12-31,293
